Id,Probability
1,0.208733024
2,0.515532139
3,0.412053372
4,0.737743393
5,0.431193296
6,0.079597239
7,0.127200809
8,0.208900083
9,0.553830386
10,0.210176265
11,0.691174701
12,0.499477760
13,0.162511646
14,0.245170948
15,0.421033614
16,0.374170850
17,0.380574788
18,0.194684688
19,0.669587592
20,0.115386428
21,0.189464478
22,0.329082890
23,0.492313179
24,0.189317200
25,0.404597565
26,0.171991312
27,0.233670529
28,0.529682407
29,0.742886109
30,0.200897301
31,0.109055882
32,0.126468600
33,0.434676855
34,0.219372151
35,0.185547019
36,0.097821243
37,0.407933955
38,0.132015039
39,0.216668296
40,0.347602311
41,0.104437079
42,0.319581610
43,0.468321852
44,0.169985450
45,0.184298947
46,0.368582022
47,0.249178048
48,0.134514859
49,0.162195393
50,0.091216390
51,0.299442536
52,0.109472539
53,0.172530325
54,0.090943553
55,0.253242152
56,0.232103387
57,0.327930216
58,0.109203594
59,0.285761223
60,0.151490907
61,0.227315921
62,0.149217297
63,0.321738205
64,0.322190597
65,0.222435653
66,0.254397393
67,0.544512745
68,0.177076967
69,0.481747583
70,0.221627725
71,0.257937733
72,0.672854250
73,0.246163926
74,0.306094348
75,0.128586902
76,0.516189941
77,0.494092916
78,0.387535580
79,0.137622361
80,0.658984187
81,0.539706600
82,0.277600833
83,0.383722258
84,0.118837961
85,0.450410550
86,0.186403434
87,0.196459399
88,0.291255096
89,0.416254246
90,0.583114561
91,0.162598125
92,0.333091099
93,0.256821056
94,0.625674229
95,0.530915831
96,0.502442553
97,0.162134416
98,0.217366733
99,0.338178682
100,0.412815533
101,0.272724669
102,0.283929423
103,0.111780285
104,0.323495628
105,0.108243320
106,0.125222700
107,0.116648994
108,0.307320977
109,0.133457199
110,0.437335972
111,0.208421513
112,0.088944238
113,0.547875201
114,0.407685660
115,0.476565262
116,0.163223768
117,0.189511190
118,0.497799606
119,0.111941288
120,0.273909380
121,0.176001654
122,0.142695668
123,0.374736407
124,0.381170677
125,0.327912365
126,0.082911209
127,0.503616477
128,0.501780702
129,0.178722566
130,0.191012154
131,0.163181478
132,0.394922502
133,0.090404060
134,0.485438918
135,0.238538269
136,0.123239828
137,0.589294806
138,0.066869305
139,0.425911638
140,0.140720568
141,0.136274330
142,0.462319263
143,0.224003356
144,0.080516588
145,0.117345795
146,0.177769629
147,0.480365391
148,0.602497510
149,0.627783536
150,0.268834480
151,0.225471284
152,0.559764825
153,0.227243843
154,0.198396752
155,0.085757356
156,0.648130074
157,0.338224195
158,0.120477753
159,0.085262205
160,0.109436616
161,0.155191508
162,0.680497913
163,0.376278969
164,0.168525140
165,0.193640396
166,0.185450614
167,0.467219908
168,0.163176821
169,0.347009717
170,0.203776738
171,0.379201188
172,0.274062373
173,0.167587109
174,0.474161197
175,0.331704475
176,0.451804439
177,0.383952318
178,0.570231616
179,0.237414719
180,0.274848725
181,0.094000593
182,0.213312857
183,0.492895508
184,0.510757175
185,0.732942304
186,0.414613311
187,0.301910769
188,0.306551885
189,0.178859022
190,0.414242047
191,0.215108382
192,0.270799031
193,0.314972625
194,0.619936428
195,0.199931190
196,0.245993738
197,0.293856630
198,0.368420100
199,0.149591134
200,0.163987124
201,0.265890168
202,0.122143146
203,0.362052897
204,0.420007381
205,0.150377102
206,0.180038241
207,0.087292799
208,0.109635507
209,0.384677792
210,0.432209576
211,0.168724661
212,0.405922278
213,0.223059864
214,0.240613374
215,0.118452996
216,0.497909224
217,0.447298270
218,0.544330589
219,0.374454115
220,0.398017696
221,0.310423906
222,0.501094405
223,0.380683603
224,0.477558877
225,0.165248042
226,0.417282578
227,0.298632237
228,0.242730875
229,0.549747425
230,0.138309428
231,0.502209582
232,0.354584845
233,0.169427048
234,0.394090232
235,0.319383997
236,0.075906877
237,0.102427294
238,0.484445394
239,0.387629023
240,0.239354709
241,0.324950698
242,0.338155400
243,0.262137652
244,0.382928995
245,0.148850127
246,0.355974947
247,0.214754548
248,0.168935092
249,0.277472272
250,0.242082425
251,0.742531823
252,0.273945392
253,0.125064074
254,0.340861301
255,0.291851291
256,0.324377193
257,0.067735862
258,0.234361847
259,0.420218886
260,0.421440430
261,0.385190013
262,0.201837454
263,0.313957996
264,0.610135437
265,0.247270632
266,0.287570564
267,0.058618427
268,0.260969689
269,0.470065343
270,0.149968100
271,0.113219160
272,0.624279442
273,0.208409070
274,0.263416203
275,0.198770619
276,0.138047656
277,0.072430450
278,0.110664019
279,0.058832131
280,0.338857268
281,0.409633946
282,0.116612798
283,0.146424801
284,0.333710852
285,0.100489314
286,0.242074054
287,0.392077934
288,0.333485188
289,0.238956894
290,0.568801436
291,0.100451322
292,0.323662340
293,0.357915650
294,0.157786884
295,0.215259771
296,0.139702417
297,0.271145311
298,0.355784949
299,0.466922022
300,0.257767811
301,0.410825225
302,0.375162272
303,0.234856574
304,0.195672949
305,0.298051029
306,0.342055423
307,0.274012728
308,0.180537414
309,0.188845635
310,0.346899766
311,0.395781139
312,0.086692888
313,0.208781889
314,0.469134958
315,0.412206429
316,0.275369491
317,0.134716975
318,0.222935573
319,0.531696235
320,0.160191814
321,0.747139377
322,0.246059800
323,0.154648691
324,0.418898932
325,0.442865214
326,0.094351511
327,0.280506873
328,0.323232000
329,0.217526759
330,0.335842795
331,0.206403214
332,0.430000500
333,0.056369525
334,0.314724124
335,0.372326038
336,0.336798236
337,0.718660478
338,0.600054811
339,0.196396606
340,0.379071907
341,0.169373510
342,0.144659646
343,0.366390094
344,0.214895793
345,0.201903093
346,0.493268384
347,0.287887751
348,0.405554781
349,0.287296710
350,0.716131822
351,0.271155415
352,0.099410393
353,0.272998448
354,0.167157436
355,0.166845420
356,0.306764699
357,0.108417574
358,0.389337716
359,0.137172792
360,0.660687377
361,0.093067473
362,0.583618003
363,0.287825777
364,0.174009831
365,0.413412525
366,0.144874352
367,0.138076327
368,0.201592842
369,0.488852668
370,0.193564081
371,0.234373809
372,0.501343803
373,0.380352399
374,0.300429617
375,0.113471008
376,0.398316204
377,0.077733344
378,0.066527047
379,0.331939953
380,0.078745217
381,0.116806698
382,0.104227214
383,0.677573589
384,0.322925428
385,0.369988028
386,0.205280245
387,0.240475740
388,0.226196873
389,0.346913743
390,0.511876970
391,0.592738708
392,0.421209673
393,0.137652927
394,0.306101122
395,0.256935185
396,0.287238508
397,0.402110967
398,0.469446125
399,0.637349825
400,0.529298463
401,0.092051353
402,0.246854492
403,0.502242489
404,0.565857553
405,0.316947539
406,0.081208258
407,0.612560343
408,0.478841289
409,0.657641735
410,0.361327275
411,0.524593548
412,0.126158935
413,0.466122659
414,0.180712397
415,0.186052886
416,0.181328592
417,0.508850879
418,0.230136151
419,0.094956933
420,0.326581607
421,0.091307401
422,0.106987058
423,0.486804366
424,0.086712887
425,0.411019952
426,0.534875094
427,0.412569678
428,0.178789996
429,0.285221196
430,0.151442264
431,0.216788075
432,0.480804359
433,0.424233897
434,0.093696637
435,0.074643324
436,0.450428120
437,0.214015366
438,0.156928027
439,0.260447086
440,0.313560206
441,0.128638253
442,0.084753524
443,0.298174824
444,0.087996548
445,0.123534707
446,0.275913817
447,0.428874184
448,0.088038213
449,0.354878505
450,0.359812053
451,0.352240933
452,0.249621157
453,0.427140871
454,0.267227435
455,0.325007775
456,0.356421913
457,0.330283532
458,0.232382962
459,0.194908587
460,0.186442482
461,0.151837935
462,0.232237249
463,0.532664274
464,0.231960819
465,0.435120934
466,0.603571790
467,0.417238537
468,0.381595802
469,0.217814911
470,0.273804645
471,0.173142750
472,0.284385749
473,0.098295447
474,0.210071423
475,0.227951473
476,0.479730494
477,0.513606055
478,0.627035945
479,0.432528198
480,0.284961655
481,0.080413771
482,0.328355737
483,0.124504585
484,0.175767664
485,0.408114471
486,0.214461081
487,0.158994988
488,0.098745468
489,0.337998918
490,0.184523775
491,0.456722875
492,0.351686601
493,0.313024800
494,0.113070248
495,0.579112109
496,0.132002293
497,0.569539656
498,0.072583444
499,0.460100659
500,0.209084153
501,0.381050747
502,0.151711181
503,0.344066519
504,0.460982847
505,0.137883137
506,0.319727626
507,0.225643977
508,0.134161585
509,0.232290178
510,0.475861936
511,0.397465337
512,0.423705491
513,0.167911303
514,0.264362145
515,0.180979066
516,0.423745237
517,0.377725310
518,0.243011575
519,0.162913834
520,0.199226501
521,0.219694435
522,0.199072540
523,0.373052042
524,0.321116942
525,0.290804648
526,0.104628266
527,0.726637880
528,0.240156890
529,0.281387216
530,0.418383943
531,0.121367420
532,0.367222177
533,0.623368327
534,0.145564002
535,0.149602382
536,0.236425663
537,0.195241110
538,0.477035655
539,0.360562796
540,0.371356373
541,0.428790470
542,0.343742947
543,0.614363753
544,0.559377210
545,0.325609587
546,0.172385481
547,0.513470419
548,0.289685942
549,0.331918208
550,0.139543155
551,0.256779136
552,0.329494727
553,0.239059916
554,0.175378946
555,0.083645237
556,0.430581440
557,0.117278436
558,0.116943213
559,0.492191636
560,0.144978740
561,0.120864787
562,0.393311790
563,0.189772631
564,0.338169583
565,0.141695490
566,0.401992974
567,0.268192944
568,0.413689165
569,0.363522403
570,0.155637286
571,0.129109238
572,0.113078182
573,0.416091088
574,0.271274756
575,0.259682837
576,0.180039200
577,0.277625377
578,0.141360069
579,0.185385894
580,0.162573224
581,0.092295650
582,0.295785887
583,0.273150667
584,0.137242430
585,0.410158716
586,0.151789063
587,0.227263349
588,0.658360689
589,0.302689451
590,0.347401290
591,0.415182290
592,0.418628767
593,0.350494336
594,0.749867736
595,0.300897110
596,0.243474335
597,0.547003835
598,0.576111601
599,0.384155475
600,0.061530186
601,0.628078298
602,0.694730236
603,0.651007442
604,0.099413210
605,0.762748784
606,0.079143875
607,0.500082659
608,0.316336922
609,0.307356196
610,0.635265261
611,0.248443211
612,0.062203629
613,0.133160501
614,0.392703249
615,0.432814789
616,0.236497453
617,0.281167939
618,0.464771882
619,0.696769597
620,0.296257896
621,0.102185408
622,0.121024977
623,0.165726631
624,0.202832971
625,0.276710745
626,0.251525815
627,0.083840828
628,0.100976266
629,0.534431721
630,0.144727924
631,0.301830193
632,0.218643150
633,0.113452284
634,0.328439956
635,0.218265477
636,0.271460242
637,0.611569896
638,0.146666049
639,0.208234160
640,0.102909507
641,0.107121629
642,0.081102791
643,0.535203744
644,0.439916183
645,0.314576554
646,0.281131555
647,0.263178528
648,0.112574048
649,0.060505012
650,0.171399595
651,0.452679998
652,0.249528698
653,0.100885950
654,0.445714148
655,0.290484708
656,0.336163978
657,0.178074072
658,0.217791117
659,0.644674753
660,0.478855530
661,0.137843821
662,0.404086369
663,0.742644610
664,0.178033872
665,0.389506653
666,0.199541893
667,0.411919892
668,0.545570472
669,0.242269963
670,0.195427473
671,0.061633192
672,0.173024945
673,0.467068212
674,0.239967901
675,0.103074932
676,0.262026800
677,0.288853631
678,0.072453754
679,0.223676848
680,0.255207464
681,0.348750526
682,0.498097037
683,0.147495555
684,0.160227519
685,0.485765814
686,0.090193554
687,0.491387100
688,0.368087893
689,0.268641923
690,0.456634376
691,0.133211258
692,0.075102359
693,0.105879584
694,0.292245759
695,0.247860799
696,0.218887369
697,0.271135646
698,0.336447449
699,0.297350503
700,0.261779636
701,0.107347836
702,0.405996540
703,0.503446917
704,0.389883174
705,0.076411107
706,0.496040037
707,0.529480687
708,0.252812349
709,0.230250737
710,0.275916181
711,0.689711651
712,0.177615980
713,0.570176355
714,0.430246442
715,0.292964421
716,0.671103816
717,0.444834272
718,0.108032302
719,0.588011925
720,0.413655107
721,0.131965902
722,0.118663400
723,0.442518650
724,0.077043937
725,0.782826370
726,0.207561084
727,0.278860831
728,0.240244270
729,0.122142904
730,0.476273797
731,0.312769750
732,0.203980188
733,0.183997066
734,0.262954770
735,0.121927361
736,0.445771115
737,0.372602563
738,0.348307092
739,0.290784624
740,0.341300487
741,0.172976474
742,0.185750855
743,0.281413967
744,0.419466784
745,0.238788302
746,0.339483455
747,0.502241158
748,0.150701196
749,0.153649405
750,0.301749927
751,0.418651519
752,0.217763610
753,0.206959619
754,0.587236466
755,0.256887490
756,0.149911684
757,0.466106264
758,0.424463563
759,0.369903430
760,0.264363860
761,0.314786519
762,0.639839889
763,0.380858793
764,0.251355584
765,0.081333560
766,0.526661497
767,0.256637733
768,0.608590342
769,0.159474955
770,0.104434543
771,0.447810382
772,0.118480564
773,0.126349532
774,0.105537887
775,0.098577681
776,0.214370124
777,0.344550043
778,0.170998658
779,0.107404794
780,0.141227203
781,0.440321834
782,0.093796321
783,0.134502724
784,0.351288823
785,0.178039271
786,0.106843786
787,0.315502418
788,0.264485502
789,0.354373443
790,0.119039665
791,0.575498928
792,0.109014126
793,0.113278940
794,0.203604562
795,0.192885364
796,0.142703122
797,0.066832897
798,0.752215559
799,0.142206084
800,0.346071910
801,0.256276741
802,0.496655577
803,0.093987766
804,0.277006005
805,0.318726571
806,0.148173518
807,0.169689135
808,0.203781646
809,0.342385601
810,0.234041895
811,0.303769594
812,0.304075424
813,0.345310671
814,0.136758199
815,0.232065996
816,0.547754468
817,0.235835814
818,0.486508645
819,0.218902070
820,0.260425277
821,0.597513336
822,0.476941903
823,0.326746698
824,0.701800538
825,0.162309517
826,0.320740281
827,0.115224489
828,0.252954593
829,0.353082682
830,0.438811341
831,0.386056183
832,0.497580223
833,0.105797260
834,0.059759851
835,0.548706530
836,0.243614312
837,0.358355666
838,0.429495324
839,0.468390124
840,0.157617697
841,0.623409454
842,0.261220181
843,0.413504164
844,0.261700215
845,0.369505126
846,0.578235187
847,0.173142349
848,0.517370563
849,0.126131429
850,0.282957250
851,0.105870926
852,0.158899194
853,0.116429701
854,0.619724375
855,0.532440313
856,0.477911992
857,0.356361770
858,0.328763849
859,0.355844042
860,0.303924151
861,0.597587545
862,0.088494236
863,0.132791624
864,0.195381184
865,0.081167784
866,0.528396620
867,0.228049556
868,0.540531591
869,0.303679478
870,0.441219564
871,0.033571478
872,0.170783718
873,0.286300943
874,0.063990870
875,0.131184930
876,0.209568204
877,0.448348799
878,0.212501971
879,0.505352170
880,0.172460595
881,0.125697941
882,0.442144512
883,0.320297343
884,0.196450120
885,0.158699461
886,0.145377132
887,0.267406296
888,0.251818553
889,0.220914436
890,0.491453213
891,0.599330323
892,0.176629014
893,0.353694420
894,0.250378479
895,0.384344928
896,0.314418659
897,0.217504425
898,0.074852708
899,0.336130248
900,0.646197562
901,0.278614862
902,0.103539225
903,0.299327811
904,0.183931067
905,0.687383542
906,0.258549250
907,0.194294319
908,0.333546695
909,0.386512004
910,0.220043352
911,0.144089761
912,0.262326889
913,0.220722533
914,0.149212373
915,0.175091217
916,0.201674034
917,0.465351880
918,0.230732053
919,0.624966565
920,0.107298827
921,0.132521732
922,0.433006980
923,0.316266442
924,0.361734133
925,0.166429606
926,0.354332716
927,0.090533483
928,0.235621609
929,0.286566401
930,0.115829882
931,0.195071694
932,0.237726087
933,0.206033624
934,0.378956064
935,0.224688682
936,0.110931838
937,0.143495199
938,0.312914534
939,0.157256094
940,0.151919278
941,0.351908572
942,0.290415070
943,0.160206525
944,0.442933405
945,0.440112401
946,0.207906689
947,0.258671606
948,0.315604702
949,0.198964868
950,0.339471701
951,0.485794004
952,0.474933379
953,0.224616002
954,0.163539899
955,0.636055620
956,0.239354633
957,0.506171750
958,0.156604575
959,0.328574431
960,0.182026116
961,0.158747616
962,0.480691212
963,0.494524324
964,0.273685090
965,0.059793980
966,0.121486468
967,0.808114470
968,0.071940177
969,0.262379953
970,0.441892724
971,0.796040332
972,0.619904983
973,0.191991339
974,0.275961569
975,0.091210563
976,0.194707167
977,0.411756907
978,0.402654231
979,0.323730835
980,0.156883790
981,0.065896678
982,0.328563029
983,0.299841772
984,0.160494672
985,0.449139634
986,0.347821039
987,0.327774118
988,0.499181369
989,0.319196717
990,0.565945739
991,0.470134752
992,0.445556644
993,0.355548133
994,0.191166965
995,0.232292411
996,0.492247515
997,0.189372397
998,0.162474858
999,0.366931528
1000,0.336109529
1001,0.412532167
1002,0.302780583
1003,0.475996775
1004,0.351647209
1005,0.411618313
1006,0.123908764
1007,0.150157944
1008,0.044481396
1009,0.504763256
1010,0.116587930
1011,0.122316921
1012,0.061952344
1013,0.317688816
1014,0.520949345
1015,0.126038141
1016,0.301020655
1017,0.666534370
1018,0.215595686
1019,0.246961190
1020,0.037370005
1021,0.432207060
1022,0.214976601
1023,0.562474882
1024,0.339775341
1025,0.120322867
1026,0.154705737
1027,0.477405169
1028,0.517860375
1029,0.327990952
1030,0.163825886
1031,0.770432778
1032,0.247033680
1033,0.208158891
1034,0.182025833
1035,0.295014766
1036,0.295017443
1037,0.495826762
1038,0.088221032
1039,0.375859930
1040,0.136225914
1041,0.259556276
1042,0.443017058
1043,0.079480355
1044,0.123604093
1045,0.179816684
1046,0.455861953
1047,0.271294366
1048,0.409837532
1049,0.347803466
1050,0.250368773
1051,0.278134668
1052,0.454072414
1053,0.080734107
1054,0.228621273
1055,0.262314275
1056,0.464203049
1057,0.525137970
1058,0.297891158
1059,0.585169665
1060,0.257982773
1061,0.404571981
1062,0.407941551
1063,0.176820163
1064,0.216232317
1065,0.454464068
1066,0.240870220
1067,0.506661714
1068,0.500750843
1069,0.207391481
1070,0.076452665
1071,0.315254590
1072,0.393960364
1073,0.528188169
1074,0.235825725
1075,0.174942029
1076,0.444849344
1077,0.193652657
1078,0.413599641
1079,0.458971073
1080,0.433968973
1081,0.191408295
1082,0.284114822
1083,0.212848056
1084,0.627852924
1085,0.405933348
1086,0.121370706
1087,0.301489697
1088,0.156202450
1089,0.401079244
1090,0.499613120
1091,0.071703965
1092,0.248720512
1093,0.510625647
1094,0.197941386
1095,0.209741983
1096,0.501964248
1097,0.574552507
1098,0.330284655
1099,0.281917256
1100,0.277615482
1101,0.343539874
1102,0.339169962
1103,0.191301918
1104,0.335640994
1105,0.123521281
1106,0.481590149
1107,0.733111612
1108,0.649407037
1109,0.295905177
1110,0.069810509
1111,0.576875907
1112,0.133707331
1113,0.131702060
1114,0.281474270
1115,0.350368185
1116,0.371731440
1117,0.339658158
1118,0.377040714
1119,0.134042129
1120,0.211320923
1121,0.381256625
1122,0.134150631
1123,0.376746091
1124,0.212387280
1125,0.094032404
1126,0.305835140
1127,0.465568533
1128,0.206262132
1129,0.145580709
1130,0.335389329
1131,0.480501784
1132,0.178262608
1133,0.140287277
1134,0.284529679
1135,0.075081278
1136,0.141513876
1137,0.669450591
1138,0.162051203
1139,0.327185669
1140,0.371356593
1141,0.403333072
1142,0.719144141
1143,0.717668022
1144,0.334414966
1145,0.242273244
1146,0.415624028
1147,0.268042162
1148,0.488636258
1149,0.435693846
1150,0.333242450
1151,0.239548907
1152,0.130891445
1153,0.325156558
1154,0.402792514
1155,0.416023366
1156,0.060461868
1157,0.334356867
1158,0.334127854
1159,0.085319107
1160,0.655669590
1161,0.535800253
1162,0.168559958
1163,0.411743268
1164,0.414802359
1165,0.430921729
1166,0.059929917
1167,0.159064511
1168,0.206980251
1169,0.618238118
1170,0.213660261
1171,0.662438616
1172,0.248894325
1173,0.150491452
1174,0.323385013
1175,0.447305425
1176,0.139049741
1177,0.145063747
1178,0.275801208
1179,0.149336788
1180,0.123162846
1181,0.739197247
1182,0.050684093
1183,0.179732245
1184,0.217414964
1185,0.335683708
1186,0.369274434
1187,0.635705267
1188,0.669694686
1189,0.659766616
1190,0.413313127
1191,0.522616338
1192,0.250416992
1193,0.265769182
1194,0.750192266
1195,0.242273357
1196,0.281950642
1197,0.254496182
1198,0.190878346
1199,0.188581353
1200,0.519072122
1201,0.541423236
1202,0.595187289
1203,0.467722050
1204,0.403494214
1205,0.147187469
1206,0.155066458
1207,0.557768972
1208,0.262911728
1209,0.275011987
1210,0.138640425
1211,0.255230323
1212,0.211763316
1213,0.128700420
1214,0.120286169
1215,0.244832602
1216,0.630119292
1217,0.314224145
1218,0.279451243
1219,0.493978361
1220,0.177689407
1221,0.394985580
1222,0.144348079
1223,0.053998389
1224,0.493582001
1225,0.146835285
1226,0.209272149
1227,0.057568564
1228,0.228833975
1229,0.145453403
1230,0.212100240
1231,0.219608542
1232,0.466916054
1233,0.682580136
1234,0.274499452
1235,0.252621487
1236,0.177506355
1237,0.227979319
1238,0.448152118
1239,0.262989326
1240,0.482195614
1241,0.583979584
1242,0.153988131
1243,0.479466407
1244,0.064289697
1245,0.535709114
1246,0.405659435
1247,0.371389587
1248,0.218439941
1249,0.685432711
1250,0.215648401
1251,0.173960185
1252,0.193217491
1253,0.212760710
1254,0.229235765
1255,0.548989360
1256,0.409866564
1257,0.190699903
1258,0.378028760
1259,0.063078939
1260,0.524370616
1261,0.219099620
1262,0.233763170
1263,0.113132411
1264,0.631620946
1265,0.440362466
1266,0.260663961
1267,0.126226460
1268,0.277367370
1269,0.183462036
1270,0.258779794
1271,0.111258573
1272,0.541961480
1273,0.159418809
1274,0.390195053
1275,0.240069517
1276,0.302827590
1277,0.240325334
1278,0.295484500
1279,0.356168288
1280,0.229125701
1281,0.207720124
1282,0.496985830
1283,0.303455184
1284,0.377991506
1285,0.536961590
1286,0.555388993
1287,0.244128706
1288,0.230048753
1289,0.301675129
1290,0.298681638
1291,0.104425777
1292,0.349119788
1293,0.169130842
1294,0.305979727
1295,0.144152652
1296,0.391925572
1297,0.163802130
1298,0.307603564
1299,0.426531204
1300,0.201623161
1301,0.286679445
1302,0.287641312
1303,0.635551611
1304,0.644635455
1305,0.190310395
1306,0.136146930
1307,0.454715244
1308,0.436258826
1309,0.482858827
1310,0.229339340
1311,0.606244628
1312,0.234435086
1313,0.507494502
1314,0.472056127
1315,0.405190947
1316,0.169514036
1317,0.311762781
1318,0.266819801
1319,0.141386521
1320,0.124017549
1321,0.248466512
1322,0.346308142
1323,0.462845183
1324,0.613520326
1325,0.225571232
1326,0.131044107
1327,0.419236666
1328,0.665782400
1329,0.184984532
1330,0.340023020
1331,0.191911322
1332,0.163205753
1333,0.713701319
1334,0.228627486
1335,0.459942904
1336,0.377091399
1337,0.365306548
1338,0.430182210
1339,0.202800920
1340,0.478003394
1341,0.122712489
1342,0.192313407
1343,0.522486917
1344,0.180627718
1345,0.328314265
1346,0.393858692
1347,0.069234317
1348,0.531767159
1349,0.138446766
1350,0.116514690
1351,0.277364067
1352,0.344189047
1353,0.134717622
1354,0.080507757
1355,0.366973340
1356,0.185567703
1357,0.305386051
1358,0.208662536
1359,0.151892945
1360,0.403969034
1361,0.647155962
1362,0.299414604
1363,0.317454686
1364,0.349477993
1365,0.405628960
1366,0.330082805
1367,0.172754018
1368,0.378392732
1369,0.310834142
1370,0.136842502
1371,0.201741064
1372,0.666621406
1373,0.582662538
1374,0.265797650
1375,0.407565773
1376,0.353589581
1377,0.598889555
1378,0.523408630
1379,0.211622594
1380,0.288032996
1381,0.618912314
1382,0.306868657
1383,0.100905085
1384,0.470216925
1385,0.254896384
1386,0.195602929
1387,0.333673697
1388,0.659358458
1389,0.104692468
1390,0.481580571
1391,0.160543923
1392,0.364913765
1393,0.071857029
1394,0.663965041
1395,0.362395579
1396,0.169996869
1397,0.602224938
1398,0.590418463
1399,0.488545835
1400,0.231610995
1401,0.729018525
1402,0.340381363
1403,0.490430342
1404,0.398143363
1405,0.223247945
1406,0.457982909
1407,0.687191627
1408,0.158693185
1409,0.568257179
1410,0.466458747
1411,0.092329156
1412,0.389696826
1413,0.572783706
1414,0.178418774
1415,0.284560149
1416,0.441674906
1417,0.241272258
1418,0.326188933
1419,0.105789376
1420,0.581117002
1421,0.345682462
1422,0.282566204
1423,0.601899238
1424,0.301342472
1425,0.086835430
1426,0.339801006
1427,0.749157174
1428,0.402466997
1429,0.463317540
1430,0.633097973
1431,0.082915108
1432,0.363210674
1433,0.357625142
1434,0.266083657
1435,0.450593726
1436,0.643699519
1437,0.242835782
1438,0.299313660
1439,0.169250838
1440,0.420275509
1441,0.233413453
1442,0.248418367
1443,0.138161199
1444,0.295997310
1445,0.082364104
1446,0.237966157
1447,0.487359401
1448,0.511690895
1449,0.554476719
1450,0.208359809
1451,0.272815189
1452,0.201399658
1453,0.072237735
1454,0.424109647
1455,0.235046784
1456,0.274501233
1457,0.178176626
1458,0.447923405
1459,0.409301667
1460,0.367847946
1461,0.493257151
1462,0.286606012
1463,0.079106035
1464,0.171131825
1465,0.190310000
1466,0.286712816
1467,0.348446515
1468,0.478086303
1469,0.228800103
1470,0.109754510
1471,0.084097083
1472,0.210954625
1473,0.258979782
1474,0.371996097
1475,0.182382795
1476,0.567914094
1477,0.391821665
1478,0.538019890
1479,0.550655511
1480,0.338491974
1481,0.219754659
1482,0.500901493
1483,0.202916468
1484,0.365027684
1485,0.450801316
1486,0.281559346
1487,0.740825421
1488,0.552695169
1489,0.121023630
1490,0.402884885
1491,0.708725334
1492,0.737178284
1493,0.087381765
1494,0.642541960
1495,0.045856590
1496,0.313639547
1497,0.249596617
1498,0.345975399
1499,0.264073277
1500,0.457056661
1501,0.262803566
1502,0.273684338
1503,0.597056212
1504,0.353544353
1505,0.334750104
1506,0.086171850
1507,0.812216997
1508,0.419199967
1509,0.201409787
1510,0.238623666
1511,0.501760277
1512,0.130568190
1513,0.118769484
1514,0.197947001
1515,0.652449713
1516,0.436093594
1517,0.407240261
1518,0.508935321
1519,0.347181761
1520,0.439989107
1521,0.520978308
1522,0.238961823
1523,0.495660036
1524,0.549257287
1525,0.134858162
1526,0.801861065
1527,0.221504112
1528,0.267567648
1529,0.549119923
1530,0.428339553
1531,0.114238585
1532,0.163403941
1533,0.355869836
1534,0.151605493
1535,0.074672646
1536,0.117636519
1537,0.437599064
1538,0.253171893
1539,0.409675926
1540,0.364886961
1541,0.627974526
1542,0.163191314
1543,0.162923647
1544,0.208622630
1545,0.541760170
1546,0.359054626
1547,0.361523693
1548,0.200022975
1549,0.143191499
1550,0.175024379
1551,0.559478764
1552,0.142939809
1553,0.293501919
1554,0.317456130
1555,0.472168728
1556,0.200909047
1557,0.332464340
1558,0.226934573
1559,0.181987287
1560,0.244196754
1561,0.377648625
1562,0.408174273
1563,0.103557356
1564,0.133148961
1565,0.682336135
1566,0.336565759
1567,0.168969088
1568,0.207895253
1569,0.068320680
1570,0.412203022
1571,0.660030439
1572,0.206406204
1573,0.217022229
1574,0.390228558
1575,0.142305932
1576,0.481033536
1577,0.467315972
1578,0.140954826
1579,0.304999543
1580,0.336646415
1581,0.094516754
1582,0.082972856
1583,0.491792180
1584,0.162078953
1585,0.289585832
1586,0.214264297
1587,0.279024012
1588,0.396156831
1589,0.201791057
1590,0.168798804
1591,0.713492380
1592,0.489153974
1593,0.505124207
1594,0.088700951
1595,0.283310633
1596,0.106866228
1597,0.265435646
1598,0.478436789
1599,0.175790230
1600,0.136602362
1601,0.124741303
1602,0.648477085
1603,0.471377766
1604,0.428186154
1605,0.303371134
1606,0.492935499
1607,0.518615311
1608,0.268854852
1609,0.082490984
1610,0.122830135
1611,0.652703485
1612,0.561079422
1613,0.657848896
1614,0.142026438
1615,0.145118378
1616,0.166795085
1617,0.199140132
1618,0.665805568
1619,0.315199658
1620,0.488144887
1621,0.280163497
1622,0.401536920
1623,0.491713526
1624,0.612808056
1625,0.577290013
1626,0.185429517
1627,0.357067630
1628,0.428268906
1629,0.740251861
1630,0.248710709
1631,0.177459033
1632,0.400749916
1633,0.067548287
1634,0.196208500
1635,0.330326336
1636,0.141068003
1637,0.269880003
1638,0.319016930
1639,0.263785857
1640,0.152308719
1641,0.209523275
1642,0.240538552
1643,0.128172163
1644,0.107370325
1645,0.261290908
1646,0.180608512
1647,0.527383625
1648,0.297875858
1649,0.770122898
1650,0.120900192
1651,0.077637484
1652,0.148037857
1653,0.091123552
1654,0.477412084
1655,0.133076164
1656,0.399532887
1657,0.229251781
1658,0.182600534
1659,0.290846580
1660,0.598168017
1661,0.212511065
1662,0.254884188
1663,0.458327488
1664,0.267202863
1665,0.232517446
1666,0.156457809
1667,0.109226020
1668,0.084688645
1669,0.087475031
1670,0.172188040
1671,0.756746471
1672,0.393139418
1673,0.299815492
1674,0.359762696
1675,0.221316840
1676,0.256057266
1677,0.749520625
1678,0.292662071
1679,0.496857896
1680,0.355460505
1681,0.393014234
1682,0.063539169
1683,0.540026747
1684,0.160742594
1685,0.334752655
1686,0.214697395
1687,0.450278927
1688,0.117779861
1689,0.574452156
1690,0.316112590
1691,0.557881194
1692,0.723164491
1693,0.524987220
1694,0.328848412
1695,0.285210098
1696,0.544280005
1697,0.514361469
1698,0.491182747
1699,0.593819379
1700,0.108399729
1701,0.244031665
1702,0.491082284
1703,0.258333442
1704,0.500516351
1705,0.207329455
1706,0.529886330
1707,0.484705458
1708,0.393694594
1709,0.367819726
1710,0.231008171
1711,0.164903455
1712,0.228955682
1713,0.470124858
1714,0.266612426
1715,0.115885067
1716,0.217796227
1717,0.147052968
1718,0.334787533
1719,0.160452272
1720,0.419834732
1721,0.089792268
1722,0.451255052
1723,0.170211825
1724,0.517348225
1725,0.669292838
1726,0.276257679
1727,0.458873271
1728,0.393976462
1729,0.521225674
1730,0.531330265
1731,0.145718914
1732,0.665902356
1733,0.388111978
1734,0.262708588
1735,0.423762233
1736,0.199648310
1737,0.269256854
1738,0.158609845
1739,0.378238078
1740,0.452088798
1741,0.589567068
1742,0.101025791
1743,0.370353600
1744,0.306910560
1745,0.475010192
1746,0.473775722
1747,0.362852825
1748,0.563035406
1749,0.630437702
1750,0.615653062
1751,0.469730750
1752,0.230958015
1753,0.663219414
1754,0.471739689
1755,0.259909500
1756,0.080122596
1757,0.237241396
1758,0.339631580
1759,0.201063482
1760,0.522712636
1761,0.368941785
1762,0.209596130
1763,0.454609293
1764,0.165803895
1765,0.613801679
1766,0.521192013
1767,0.381412002
1768,0.301566164
1769,0.209666270
1770,0.230735640
1771,0.410514867
1772,0.516753584
1773,0.257761123
1774,0.510395172
1775,0.142283751
1776,0.170660418
1777,0.241131058
1778,0.600373146
1779,0.181624701
1780,0.389520218
1781,0.560480930
1782,0.331152356
1783,0.585532885
1784,0.127704033
1785,0.448847930
1786,0.116672903
1787,0.416223115
1788,0.411520247
1789,0.221077531
1790,0.324706048
1791,0.378700945
1792,0.167220823
1793,0.304824148
1794,0.451731272
1795,0.187566772
1796,0.427814248
1797,0.086072452
1798,0.073783916
1799,0.367260035
1800,0.458818889
1801,0.641067355
1802,0.245894787
1803,0.185022623
1804,0.548232703
1805,0.522848954
1806,0.635198400
1807,0.102160623
1808,0.305232378
1809,0.326010473
1810,0.417027025
1811,0.336219581
1812,0.282595503
1813,0.603956628
1814,0.226423198
1815,0.492250895
1816,0.550139563
1817,0.300955281
1818,0.537320216
1819,0.455789181
1820,0.451536974
1821,0.137380354
1822,0.306971349
1823,0.504900833
1824,0.317105853
1825,0.185945559
1826,0.175063086
1827,0.094213824
1828,0.534873200
1829,0.135789645
1830,0.145810386
1831,0.159519734
1832,0.630945286
1833,0.116146723
1834,0.386461175
1835,0.484729596
1836,0.120217922
1837,0.380181093
1838,0.410063300
1839,0.252509846
1840,0.542528680
1841,0.205876930
1842,0.285055691
1843,0.493095284
1844,0.369514425
1845,0.202950561
1846,0.459150723
1847,0.107621633
1848,0.448111810
1849,0.411323821
1850,0.411648768
1851,0.099249604
1852,0.134407900
1853,0.144641733
1854,0.312350652
1855,0.156372198
1856,0.710745020
1857,0.393694405
1858,0.562563944
1859,0.659139943
1860,0.197888351
1861,0.188368491
1862,0.098320947
1863,0.571549441
1864,0.270088768
1865,0.759757771
1866,0.375691858
1867,0.189946391
1868,0.233776376
1869,0.445845060
1870,0.469119526
1871,0.610755147
1872,0.145899437
1873,0.408075105
1874,0.680486356
1875,0.155752467
1876,0.248739035
1877,0.521540573
1878,0.824745375
1879,0.368017025
1880,0.101568108
1881,0.144780436
1882,0.487184895
1883,0.212525344
1884,0.489077232
1885,0.609507787
1886,0.183210898
1887,0.532452591
1888,0.321854873
1889,0.109922804
1890,0.504604761
1891,0.474848410
1892,0.165003784
1893,0.048678876
1894,0.108648594
1895,0.188855667
1896,0.463325530
1897,0.179876179
1898,0.252751010
1899,0.453756856
1900,0.360111484
1901,0.663828002
1902,0.331048863
1903,0.302732480
1904,0.284009341
1905,0.628095971
1906,0.343761722
1907,0.717706965
1908,0.164985181
1909,0.747857602
1910,0.135520888
1911,0.457154779
1912,0.237440959
1913,0.276838735
1914,0.709260014
1915,0.339949255
1916,0.104506370
1917,0.761553897
1918,0.408653762
1919,0.331951089
1920,0.134540248
1921,0.179483207
1922,0.681080889
1923,0.561146292
1924,0.532222709
1925,0.122278841
1926,0.442853076
1927,0.422756801
1928,0.721532400
1929,0.146839703
1930,0.470050258
1931,0.188638200
1932,0.253649554
1933,0.572896580
1934,0.436394542
1935,0.281007227
1936,0.414003213
1937,0.281277124
1938,0.421359891
1939,0.261917883
1940,0.437453828
1941,0.113274532
1942,0.076724517
1943,0.514438634
1944,0.539440512
1945,0.168711695
1946,0.415178870
1947,0.197861484
1948,0.381039700
1949,0.361952561
1950,0.209147232
1951,0.206972683
1952,0.236247296
1953,0.305869581
1954,0.386827746
1955,0.509409152
1956,0.131314671
1957,0.442315323
1958,0.407938219
1959,0.540139537
1960,0.111244919
1961,0.458369765
1962,0.200007920
1963,0.117965174
1964,0.474780276
1965,0.279863525
1966,0.473323148
1967,0.061507123
1968,0.261359665
1969,0.282950399
1970,0.145921299
1971,0.118089989
1972,0.426300866
1973,0.372994911
1974,0.132675520
1975,0.263162387
1976,0.475202992
1977,0.268065900
1978,0.512607036
1979,0.042115242
1980,0.224178949
1981,0.269139665
1982,0.500716182
1983,0.252753552
1984,0.351012549
1985,0.311482683
1986,0.389249264
1987,0.618077839
1988,0.418271809
1989,0.314375673
1990,0.548400474
1991,0.082390934
1992,0.382949224
1993,0.186110763
1994,0.476129345
1995,0.243184751
1996,0.332385915
1997,0.208020311
1998,0.212609852
1999,0.252398170
2000,0.181057044
2001,0.479187763
2002,0.300454322
2003,0.230088939
2004,0.256746250
2005,0.547639453
2006,0.643075019
2007,0.652585808
2008,0.303997587
2009,0.505147684
2010,0.102573177
2011,0.116875620
2012,0.130221822
2013,0.288423451
2014,0.343089211
2015,0.219808666
2016,0.444312108
2017,0.407888590
2018,0.223914209
2019,0.097845331
2020,0.317582996
2021,0.314759204
2022,0.165955519
2023,0.457254160
2024,0.326366801
2025,0.302067914
2026,0.092915683
2027,0.234382294
2028,0.569953557
2029,0.266358034
2030,0.517748787
2031,0.117053938
2032,0.552030964
2033,0.405814064
2034,0.240940793
2035,0.263769127
2036,0.213911265
2037,0.576246927
2038,0.185120281
2039,0.137612986
2040,0.626006014
2041,0.307580573
2042,0.119381358
2043,0.265006667
2044,0.183498962
2045,0.123853675
2046,0.394580545
2047,0.190162243
2048,0.092922606
2049,0.596216049
2050,0.682977404
2051,0.687952166
2052,0.326234759
2053,0.199412996
2054,0.216726108
2055,0.076864507
2056,0.097932870
2057,0.182009946
2058,0.141900614
2059,0.108433248
2060,0.380826335
2061,0.476145618
2062,0.402165542
2063,0.489445228
2064,0.150056984
2065,0.568512230
2066,0.480739398
2067,0.063298525
2068,0.504652638
2069,0.399272538
2070,0.324605580
2071,0.717775588
2072,0.188942187
2073,0.272656568
2074,0.189732689
2075,0.361416316
2076,0.254524741
2077,0.442208717
2078,0.124210348
2079,0.363027990
2080,0.525865966
2081,0.113756201
2082,0.415002665
2083,0.362267650
2084,0.670874576
2085,0.233754201
2086,0.293768744
2087,0.276832925
2088,0.287897633
2089,0.168433507
2090,0.110757191
2091,0.204379090
2092,0.126247078
2093,0.175226156
2094,0.457525418
2095,0.475517571
2096,0.535259284
2097,0.232514812
2098,0.561195560
2099,0.446958440
2100,0.556983585
2101,0.280697028
2102,0.099021489
2103,0.112316392
2104,0.292482047
2105,0.225706527
2106,0.580450862
2107,0.283393426
2108,0.443315238
2109,0.510231621
2110,0.280720123
2111,0.559601967
2112,0.431726122
2113,0.132118620
2114,0.447183309
2115,0.396408581
2116,0.461426699
2117,0.368658939
2118,0.075514418
2119,0.327031430
2120,0.420406018
2121,0.170765984
2122,0.314481963
2123,0.635276196
2124,0.360095022
2125,0.372981848
2126,0.523102488
2127,0.478251456
2128,0.506983382
2129,0.541388124
2130,0.588989304
2131,0.253977624
2132,0.442823974
2133,0.289782269
2134,0.459141250
2135,0.044178989
2136,0.505346618
2137,0.317830841
2138,0.410863411
2139,0.395735780
2140,0.317387134
2141,0.285581664
2142,0.484269792
2143,0.380528837
2144,0.156685218
2145,0.103306971
2146,0.103266586
2147,0.351439937
2148,0.217542601
2149,0.577393876
2150,0.186854758
2151,0.511293561
2152,0.323319492
2153,0.540131788
2154,0.553233602
2155,0.105238589
2156,0.254727253
2157,0.224768261
2158,0.515467638
2159,0.406710371
2160,0.279086498
2161,0.295019187
2162,0.324178422
2163,0.116806941
2164,0.593946265
2165,0.141159482
2166,0.740708248
2167,0.642905658
2168,0.126443064
2169,0.411141219
2170,0.819659922
2171,0.203158101
2172,0.454133629
2173,0.575282653
2174,0.434718517
2175,0.375678253
2176,0.307043947
2177,0.269311303
2178,0.195557445
2179,0.171487421
2180,0.244024082
2181,0.150806478
2182,0.231634548
2183,0.220968279
2184,0.247865910
2185,0.168394375
2186,0.283007966
2187,0.280575090
2188,0.064168180
2189,0.549604456
2190,0.205185160
2191,0.322770275
2192,0.200740978
2193,0.130112652
2194,0.707206180
2195,0.635951667
2196,0.132563924
2197,0.180606911
2198,0.300592932
2199,0.343388377
2200,0.542739467
2201,0.263026723
2202,0.227905113
2203,0.502558482
2204,0.216856620
2205,0.239664958
2206,0.183837596
2207,0.214481257
2208,0.140112263
2209,0.120574320
2210,0.129587571
2211,0.307780264
2212,0.207069028
2213,0.269265953
2214,0.313455750
2215,0.415841139
2216,0.109623088
2217,0.450760932
2218,0.248472346
2219,0.171782371
2220,0.170017490
2221,0.276232866
2222,0.109764979
2223,0.402898512
2224,0.800248111
2225,0.628716080
2226,0.167517716
2227,0.354975676
2228,0.378616139
2229,0.328439547
2230,0.165415167
2231,0.109751976
2232,0.093091861
2233,0.233988491
2234,0.253657181
2235,0.152583339
2236,0.245195293
2237,0.598523671
2238,0.179727053
2239,0.353339237
2240,0.147384947
2241,0.132897173
2242,0.500640901
2243,0.083503943
2244,0.283335295
2245,0.281798868
2246,0.735065171
2247,0.558546400
2248,0.482182008
2249,0.331189334
2250,0.425725925
2251,0.415883658
2252,0.279639040
2253,0.590841275
2254,0.215317108
2255,0.461124358
2256,0.260285782
2257,0.488809645
2258,0.076326412
2259,0.188432935
2260,0.738637273
2261,0.217792468
2262,0.155738463
2263,0.093825324
2264,0.628925126
2265,0.229937710
2266,0.373118699
2267,0.137332463
2268,0.239215185
2269,0.240019248
2270,0.565041827
2271,0.398144722
2272,0.279923585
2273,0.431435628
2274,0.257255566
2275,0.570055052
2276,0.395185137
2277,0.205765892
2278,0.181621390
2279,0.377114044
2280,0.049031555
2281,0.221984366
2282,0.093140623
2283,0.432938012
2284,0.254089347
2285,0.377947832
2286,0.218972719
2287,0.389787658
2288,0.094934694
2289,0.523658135
2290,0.188950355
2291,0.254590644
2292,0.435826788
2293,0.290125859
2294,0.230854817
2295,0.394726659
2296,0.490912275
2297,0.314248501
2298,0.488877965
2299,0.148294558
2300,0.389906946
2301,0.320717763
2302,0.623666226
2303,0.687031053
2304,0.381690912
2305,0.186099382
2306,0.255946245
2307,0.595355351
2308,0.134438397
2309,0.442598264
2310,0.172505566
2311,0.261444930
2312,0.271801969
2313,0.376790031
2314,0.355338185
2315,0.109490591
2316,0.283977757
2317,0.567345423
2318,0.215254712
2319,0.506979598
2320,0.220028263
2321,0.267626531
2322,0.166619496
2323,0.150350003
2324,0.247778551
2325,0.549808606
2326,0.235834089
2327,0.276202108
2328,0.490650075
2329,0.291881428
2330,0.236197562
2331,0.143135676
2332,0.417462247
2333,0.184038430
2334,0.757520212
2335,0.172613570
2336,0.442824907
2337,0.711307330
2338,0.679539630
2339,0.107517362
2340,0.362682188
2341,0.199544094
2342,0.206228325
2343,0.309426826
2344,0.128413494
2345,0.243126196
2346,0.535329520
2347,0.539595396
2348,0.243546800
2349,0.530486123
2350,0.631372910
2351,0.165646990
2352,0.057290265
2353,0.297108771
2354,0.107398023
2355,0.240836643
2356,0.253413824
2357,0.738140920
2358,0.267617723
2359,0.594407416
2360,0.090414326
2361,0.167818840
2362,0.185428627
2363,0.363713512
2364,0.163561285
2365,0.620407730
2366,0.390894542
2367,0.365892129
2368,0.107185590
2369,0.257508035
2370,0.586255261
2371,0.703516850
2372,0.397422088
2373,0.592327557
2374,0.246146940
2375,0.180008746
2376,0.168435865
2377,0.181486082
2378,0.525389496
2379,0.288225164
2380,0.349072944
2381,0.232212590
2382,0.103593780
2383,0.388527504
2384,0.663236602
2385,0.628818353
2386,0.221822287
2387,0.166633480
2388,0.299368562
2389,0.683697659
2390,0.318094146
2391,0.176226843
2392,0.121632838
2393,0.318244218
2394,0.388218216
2395,0.631607167
2396,0.153921448
2397,0.536091668
2398,0.167798959
2399,0.591516509
2400,0.446182251
2401,0.679808004
2402,0.555121080
2403,0.557573850
2404,0.483537679
2405,0.385242731
2406,0.209273547
2407,0.459265870
2408,0.765760459
2409,0.437329754
2410,0.622486230
2411,0.421820080
2412,0.571132607
2413,0.181148786
2414,0.569401050
2415,0.264526113
2416,0.459491007
2417,0.214180176
2418,0.084383235
2419,0.218052582
2420,0.368486169
2421,0.323502719
2422,0.287929651
2423,0.177218355
2424,0.571292250
2425,0.838858798
2426,0.478238557
2427,0.328501972
2428,0.329236344
2429,0.654228440
2430,0.064229443
2431,0.246590212
2432,0.657107409
2433,0.313263678
2434,0.456740028
2435,0.769145754
2436,0.205080219
2437,0.287416663
2438,0.270337400
2439,0.371146411
2440,0.302228152
2441,0.468481045
2442,0.551473779
2443,0.232371462
2444,0.408426724
2445,0.225117292
2446,0.388208045
2447,0.103655761
2448,0.511646845
2449,0.329027414
2450,0.259939810
2451,0.172414344
2452,0.367121052
2453,0.702941053
2454,0.590515926
2455,0.532863482
2456,0.129392955
2457,0.148187985
2458,0.187901009
2459,0.330329272
2460,0.165147725
2461,0.453053637
2462,0.618209891
2463,0.232955896
2464,0.232579742
2465,0.189611177
2466,0.408392431
2467,0.665607165
2468,0.592909224
2469,0.426025673
2470,0.318787113
2471,0.386246244
2472,0.494351272
2473,0.207013735
2474,0.331650925
2475,0.184782558
2476,0.334657701
2477,0.194556093
2478,0.683810139
2479,0.441175456
2480,0.778656594
2481,0.627884659
2482,0.093769846
2483,0.445594569
2484,0.326628774
2485,0.173854677
2486,0.309233446
2487,0.091863028
2488,0.182776413
2489,0.126032187
2490,0.449883304
2491,0.295742940
2492,0.494442479
2493,0.201303426
2494,0.475212787
2495,0.274849364
2496,0.264681308
2497,0.179922454
2498,0.642474180
2499,0.088913877
2500,0.533850001
2501,0.195260680
2502,0.477197635
2503,0.321863171
2504,0.495353577
2505,0.561767276
2506,0.226566017
2507,0.623640776
2508,0.430553850
2509,0.511207603
2510,0.638814221
2511,0.340978902
2512,0.226629841
2513,0.306638173
2514,0.354532072
2515,0.456720417
2516,0.355732780
2517,0.165362573
2518,0.444575259
2519,0.216069041
2520,0.233481638
2521,0.263755299
2522,0.286229471
2523,0.426955854
2524,0.170168775
2525,0.247979679
2526,0.231931907
2527,0.215057396
2528,0.107496229
2529,0.559163212
2530,0.527981531
2531,0.504977145
2532,0.224811642
2533,0.207116822
2534,0.281763954
2535,0.242431609
2536,0.375629667
2537,0.155975091
2538,0.666222273
2539,0.163533465
2540,0.302729059
2541,0.522235160
2542,0.565397232
2543,0.232013226
2544,0.329000404
2545,0.434287749
2546,0.543645377
2547,0.466184489
2548,0.317746431
2549,0.314229658
2550,0.584801460
2551,0.424095917
2552,0.715542082
2553,0.088293779
2554,0.339887370
2555,0.195951022
2556,0.283377268
2557,0.162171444
2558,0.422957005
2559,0.652999190
2560,0.278701217
2561,0.389622005
2562,0.190447715
2563,0.261728319
2564,0.260318701
2565,0.115465820
2566,0.232347201
2567,0.191028972
2568,0.619617826
2569,0.572892231
2570,0.317857686
2571,0.295260806
2572,0.453580295
2573,0.269556422
2574,0.220064378
2575,0.617338267
2576,0.558345347
2577,0.285789597
2578,0.117606815
2579,0.371024652
2580,0.195675106
2581,0.337456184
2582,0.389560642
2583,0.083555246
2584,0.214230998
2585,0.040011236
2586,0.696868321
2587,0.211753902
2588,0.600984983
2589,0.197915105
2590,0.105514598
2591,0.481466145
2592,0.278570700
2593,0.293602654
2594,0.732433955
2595,0.097987488
2596,0.301419286
2597,0.174383430
2598,0.194770565
2599,0.231044965
2600,0.403372933
2601,0.214090151
2602,0.646939132
2603,0.159184183
2604,0.482981250
2605,0.194956475
2606,0.546276220
2607,0.289509856
2608,0.303362444
2609,0.413693442
2610,0.218327915
2611,0.443193808
2612,0.583001187
2613,0.237393233
2614,0.082375511
2615,0.320036154
2616,0.374522047
2617,0.203847258
2618,0.563696574
2619,0.329380494
2620,0.563770219
2621,0.190496838
2622,0.454150019
2623,0.640250605
2624,0.411034254
2625,0.357049151
2626,0.222278999
2627,0.612350159
2628,0.545202939
2629,0.476560647
2630,0.102030380
2631,0.405222337
2632,0.183639197
2633,0.451213056
2634,0.308393509
2635,0.596012707
2636,0.605659922
2637,0.149971649
2638,0.489653843
2639,0.467875904
2640,0.267844962
2641,0.133843934
2642,0.096435556
2643,0.214479019
2644,0.548221725
2645,0.644825565
2646,0.167405518
2647,0.161789924
2648,0.441573318
2649,0.190944684
2650,0.168259784
2651,0.058069642
2652,0.116841098
2653,0.451431768
2654,0.525290622
2655,0.201160451
2656,0.576715648
2657,0.166494600
2658,0.443794153
2659,0.372837719
2660,0.167965794
2661,0.312754067
2662,0.593387394
2663,0.296124582
2664,0.325419158
2665,0.231082775
2666,0.493550696
2667,0.087321590
2668,0.602925201
2669,0.108996556
2670,0.226277627
2671,0.429509697
2672,0.467987474
2673,0.255378306
2674,0.086544157
2675,0.404422041
2676,0.275657878
2677,0.119895513
2678,0.288297869
2679,0.206987191
2680,0.440331249
2681,0.585326404
2682,0.651654708
2683,0.493206581
2684,0.442219091
2685,0.480050633
2686,0.371019719
2687,0.114581157
2688,0.219264831
2689,0.222889178
2690,0.334861152
2691,0.190162339
2692,0.158617481
2693,0.697632822
2694,0.691399667
2695,0.269892146
2696,0.587663562
2697,0.750662945
2698,0.204394002
2699,0.648371769
2700,0.102293033
2701,0.193309192
2702,0.481010071
2703,0.252784640
2704,0.560611209
2705,0.289013064
2706,0.681517515
2707,0.241854957
2708,0.441681053
2709,0.116517542
2710,0.283358369
2711,0.162663854
2712,0.469897290
2713,0.412179313
2714,0.370404018
2715,0.477827493
2716,0.270924937
2717,0.210701226
2718,0.325618226
2719,0.527769266
2720,0.437267006
2721,0.377234053
2722,0.521781658
2723,0.150249908
2724,0.396459971
2725,0.618964295
2726,0.168704131
2727,0.474555440
2728,0.273995336
2729,0.385036152
2730,0.090970042
2731,0.372444418
2732,0.433053186
2733,0.296001723
2734,0.302438834
2735,0.361905386
2736,0.466475019
2737,0.121889611
2738,0.429082186
2739,0.605269946
2740,0.399570232
2741,0.131873616
2742,0.718228145
2743,0.164571459
2744,0.577328132
2745,0.376680526
2746,0.174703191
2747,0.455177014
2748,0.549138829
2749,0.161319551
2750,0.138616377
2751,0.228359851
2752,0.473734103
2753,0.162240487
2754,0.262506963
2755,0.531758283
2756,0.504013987
2757,0.438690475
2758,0.209365800
2759,0.223246086
2760,0.348270482
2761,0.341813025
2762,0.209754923
2763,0.085584376
2764,0.251064540
2765,0.704316032
2766,0.626510425
2767,0.086705341
2768,0.455105544
2769,0.160210642
2770,0.351974293
2771,0.607719894
2772,0.491638015
2773,0.318484926
2774,0.176608421
2775,0.357675389
2776,0.373425789
2777,0.188053031
2778,0.069753283
2779,0.262891861
2780,0.117984123
2781,0.295810748
2782,0.186313787
2783,0.561672712
2784,0.216670138
2785,0.548202308
2786,0.281339850
2787,0.539201525
2788,0.328117582
2789,0.477898055
2790,0.364754953
2791,0.263828577
2792,0.510260221
2793,0.167918168
2794,0.153829322
2795,0.367786171
2796,0.309413539
2797,0.668398448
2798,0.228971641
2799,0.343138949
2800,0.545340820
2801,0.169150179
2802,0.295141132
2803,0.299013626
2804,0.284555965
2805,0.444662305
2806,0.395990171
2807,0.094167501
2808,0.182491679
2809,0.468646466
2810,0.253139357
2811,0.384134584
2812,0.291322135
2813,0.207601016
2814,0.287853017
2815,0.368840897
2816,0.525059130
2817,0.350010718
2818,0.198411187
2819,0.415088161
2820,0.424221497
2821,0.588162292
2822,0.413296297
2823,0.148229795
2824,0.036906242
2825,0.234044527
2826,0.226344499
2827,0.342684927
2828,0.197766813
2829,0.675609619
2830,0.163257415
2831,0.440403106
2832,0.418936036
2833,0.560218677
2834,0.661587222
2835,0.439151323
2836,0.567197046
2837,0.417737834
2838,0.239869243
2839,0.118839411
2840,0.513146031
2841,0.395737224
2842,0.597082874
2843,0.396289435
2844,0.587878070
2845,0.214194585
2846,0.229661199
2847,0.785265267
2848,0.454087341
2849,0.422236769
2850,0.584240177
2851,0.470532281
2852,0.269347780
2853,0.168722345
2854,0.421578792
2855,0.421027999
2856,0.535629629
2857,0.368666323
2858,0.158215100
2859,0.479859950
2860,0.219621612
2861,0.317481118
2862,0.383241021
2863,0.056273285
2864,0.425517519
2865,0.227476328
2866,0.569851534
2867,0.266667271
2868,0.231513899
2869,0.216474851
2870,0.367880289
2871,0.215213028
2872,0.247608629
2873,0.274882400
2874,0.517119210
2875,0.697149487
2876,0.544121917
2877,0.172084979
2878,0.211055554
2879,0.315585747
2880,0.371422681
2881,0.551435131
2882,0.495001160
2883,0.083607351
2884,0.235289584
2885,0.120731033
2886,0.429408579
2887,0.115040275
2888,0.187463414
2889,0.155796942
2890,0.794550844
2891,0.352388478
2892,0.155969973
2893,0.771784530
2894,0.238506774
2895,0.233539638
2896,0.466729752
2897,0.451573417
2898,0.689969941
2899,0.162785157
2900,0.439423739
2901,0.614189784
2902,0.196867961
2903,0.334844264
2904,0.303010726
2905,0.576530841
2906,0.513386148
2907,0.322269362
2908,0.215310345
2909,0.264952573
2910,0.608530205
2911,0.675674944
2912,0.183807728
2913,0.143701761
2914,0.309505392
2915,0.352786998
2916,0.304535124
2917,0.290931070
2918,0.104816546
2919,0.315205277
2920,0.592529347
2921,0.176759117
2922,0.202817078
2923,0.348761885
2924,0.333472700
2925,0.304833048
2926,0.533176108
2927,0.480692687
2928,0.289737410
2929,0.178483824
2930,0.705813639
2931,0.192176562
2932,0.200220454
2933,0.245938657
2934,0.184964938
2935,0.383753092
2936,0.401094229
2937,0.296347413
2938,0.358207164
2939,0.162096256
2940,0.229103026
2941,0.597411955
2942,0.185942546
2943,0.441579246
2944,0.139154642
2945,0.612700675
2946,0.124160701
2947,0.202534641
2948,0.489977689
2949,0.202262211
2950,0.379553847
2951,0.135073860
2952,0.613479321
2953,0.520508074
2954,0.110631910
2955,0.567859902
2956,0.651093684
2957,0.209062548
2958,0.168149323
2959,0.172693746
2960,0.396608433
2961,0.316852806
2962,0.256652282
2963,0.622211668
2964,0.290514621
2965,0.601581655
2966,0.567437752
2967,0.276261618
2968,0.583344486
2969,0.119563837
2970,0.294999310
2971,0.230670906
2972,0.193451208
2973,0.096673819
2974,0.511134091
2975,0.242800218
2976,0.462051362
2977,0.183543336
2978,0.398583112
2979,0.520678221
2980,0.502626823
2981,0.545513718
2982,0.416275220
2983,0.132596385
2984,0.676228219
2985,0.075930411
2986,0.256585576
2987,0.477149316
2988,0.366335779
2989,0.453147879
2990,0.119257370
2991,0.512316701
2992,0.181845415
2993,0.259288395
2994,0.051618532
2995,0.496582642
2996,0.197664050
2997,0.111528572
2998,0.422671533
2999,0.145350279
3000,0.073944110
3001,0.452034155
3002,0.222710945
3003,0.512055479
3004,0.436279283
3005,0.125413015
3006,0.444640313
3007,0.168834726
3008,0.560173244
3009,0.550101980
3010,0.180002653
3011,0.085523537
3012,0.567287256
3013,0.391779527
3014,0.089926374
3015,0.430175685
3016,0.479946500
3017,0.101266240
3018,0.476752348
3019,0.075560056
3020,0.558062027
3021,0.369266930
3022,0.569250666
3023,0.082710109
3024,0.217071000
3025,0.616534677
3026,0.510700744
3027,0.288592830
3028,0.485455675
3029,0.500621153
3030,0.207837576
3031,0.681078521
3032,0.489673091
3033,0.299928836
3034,0.375546269
3035,0.128963557
3036,0.710218982
3037,0.237835637
3038,0.200123561
3039,0.445296634
3040,0.735397730
3041,0.660417054
3042,0.351018314
3043,0.116273289
3044,0.092010176
3045,0.240757073
3046,0.183826824
3047,0.350546758
3048,0.131457080
3049,0.304857319
3050,0.369106114
3051,0.263623201
3052,0.327710132
3053,0.304095359
3054,0.429097265
3055,0.114965654
3056,0.507621902
3057,0.316340147
3058,0.090960885
3059,0.251258299
3060,0.286288273
3061,0.179230159
3062,0.612308686
3063,0.108210883
3064,0.378883444
3065,0.266976258
3066,0.145930000
3067,0.201782203
3068,0.157138707
3069,0.370435372
3070,0.571280190
3071,0.301205381
3072,0.218708814
3073,0.108995194
3074,0.272888124
3075,0.358882633
3076,0.213484333
3077,0.708838469
3078,0.676084165
3079,0.077189803
3080,0.395624957
3081,0.284464468
3082,0.514639501
3083,0.184953689
3084,0.744047734
3085,0.575600807
3086,0.184996843
3087,0.118893729
3088,0.106857737
3089,0.616446848
3090,0.603346460
3091,0.217136463
3092,0.498174472
3093,0.426959776
3094,0.493274070
3095,0.411304416
3096,0.677799073
3097,0.064569020
3098,0.146598941
3099,0.178693732
3100,0.413443249
3101,0.681036745
3102,0.051375373
3103,0.420365333
3104,0.630895759
3105,0.187515822
3106,0.375634591
3107,0.750692273
3108,0.467907983
3109,0.454258533
3110,0.438175485
3111,0.248029253
3112,0.539810566
3113,0.218579005
3114,0.696451487
3115,0.270909356
3116,0.561435346
3117,0.229073507
3118,0.254548495
3119,0.429063014
3120,0.278171732
3121,0.456652299
3122,0.767904867
3123,0.196124931
3124,0.652917919
3125,0.403170931
3126,0.281339691
3127,0.313645705
3128,0.132117113
3129,0.499251799
3130,0.081566473
3131,0.319015168
3132,0.437437837
3133,0.087355784
3134,0.446884616
3135,0.236462784
3136,0.163102267
3137,0.429336800
3138,0.146014929
3139,0.662487714
3140,0.749739014
3141,0.622884222
3142,0.215212973
3143,0.154609301
3144,0.511687157
3145,0.044472882
3146,0.637330062
3147,0.415951697
3148,0.381621091
3149,0.446050530
3150,0.263759092
3151,0.421108739
3152,0.504944720
3153,0.080514348
3154,0.594379247
3155,0.454239493
3156,0.615310948
3157,0.617236792
3158,0.143801759
3159,0.388984329
3160,0.218923461
3161,0.511924429
3162,0.128234621
3163,0.308498643
3164,0.542152140
3165,0.578344989
3166,0.495551068
3167,0.523568862
3168,0.141581469
3169,0.416219588
3170,0.176021561
3171,0.265329389
3172,0.188549509
3173,0.111192389
3174,0.643266417
3175,0.651364762
3176,0.271452907
3177,0.684684760
3178,0.307248886
3179,0.498144166
3180,0.151878794
3181,0.217402458
3182,0.407369953
3183,0.277203300
3184,0.360742987
3185,0.113435708
3186,0.331966357
3187,0.343995254
3188,0.293542083
3189,0.108942332
3190,0.138784179
3191,0.227095196
3192,0.228325516
3193,0.432472552
3194,0.300651464
3195,0.546071825
3196,0.178261935
3197,0.448685320
3198,0.582297611
3199,0.337925096
3200,0.284345566
3201,0.509095728
3202,0.635483036
3203,0.209647405
3204,0.608201602
3205,0.193761644
3206,0.411193951
3207,0.707658504
3208,0.511159370
3209,0.440912486
3210,0.235056361
3211,0.179552212
3212,0.130006718
3213,0.448340373
3214,0.376625569
3215,0.266282644
3216,0.243091808
3217,0.820212591
3218,0.390180223
3219,0.168081862
3220,0.331276690
3221,0.642776097
3222,0.250566626
3223,0.788106589
3224,0.362135863
3225,0.098386748
3226,0.129815819
3227,0.130535544
3228,0.127377602
3229,0.144991987
3230,0.167093534
3231,0.417626772
3232,0.106858563
3233,0.265445375
3234,0.197796646
3235,0.168486882
3236,0.154669060
3237,0.253410434
3238,0.825956853
3239,0.544001618
3240,0.474022794
3241,0.435655392
3242,0.114345411
3243,0.291151836
3244,0.088556252
3245,0.432413512
3246,0.464063601
3247,0.505590252
3248,0.468168209
3249,0.642511003
3250,0.459668712
3251,0.187133161
3252,0.139314521
3253,0.425455545
3254,0.506632827
3255,0.268612678
3256,0.495574375
3257,0.154495110
3258,0.066975252
3259,0.211695214
3260,0.252135827
3261,0.138402595
3262,0.256182662
3263,0.161952528
3264,0.257823758
3265,0.256729368
3266,0.519468175
3267,0.743393963
3268,0.083795328
3269,0.154090402
3270,0.296258898
3271,0.218898053
3272,0.423592802
3273,0.266057632
3274,0.204648372
3275,0.161996904
3276,0.162086121
3277,0.226579846
3278,0.158789557
3279,0.676248674
3280,0.270536854
3281,0.437968408
3282,0.130225115
3283,0.766716270
3284,0.188620023
3285,0.556042821
3286,0.493829396
3287,0.205413604
3288,0.208579611
3289,0.132402199
3290,0.750399194
3291,0.496005658
3292,0.312037824
3293,0.444335649
3294,0.297804742
3295,0.690696530
3296,0.420905439
3297,0.331150267
3298,0.523994646
3299,0.349425803
3300,0.269836350
3301,0.186525995
3302,0.602212829
3303,0.612005389
3304,0.733329919
3305,0.300800897
3306,0.281225929
3307,0.724158946
3308,0.399402577
3309,0.608810671
3310,0.670244799
3311,0.245328534
3312,0.343556385
3313,0.290613908
3314,0.274410801
3315,0.503874359
3316,0.383613315
3317,0.182526818
3318,0.517051698
3319,0.675533049
3320,0.289044319
3321,0.297656058
3322,0.747896269
3323,0.383961189
3324,0.368849808
3325,0.122679838
3326,0.703257865
3327,0.224137000
3328,0.367813837
3329,0.577138643
3330,0.601918196
3331,0.583620978
3332,0.267124513
3333,0.259911298
3334,0.380140996
3335,0.494124043
3336,0.077785434
3337,0.490718554
3338,0.108463746
3339,0.766711130
3340,0.610400512
3341,0.561601417
3342,0.269233421
3343,0.155297500
3344,0.237248093
3345,0.183494655
3346,0.303951258
3347,0.590371084
3348,0.397021729
3349,0.129705904
3350,0.424171469
3351,0.316953893
3352,0.340643465
3353,0.651086596
3354,0.666695500
3355,0.220109754
3356,0.085807805
3357,0.563566771
3358,0.667784483
3359,0.491675706
3360,0.505300484
3361,0.400526306
3362,0.110326104
3363,0.551011774
3364,0.479542494
3365,0.210648602
3366,0.356905819
3367,0.174179790
3368,0.189511081
3369,0.198201195
3370,0.551506221
3371,0.732662586
3372,0.208399835
3373,0.050448477
3374,0.602523246
3375,0.095182991
3376,0.736910196
3377,0.431570438
3378,0.395216187
3379,0.320623270
3380,0.298316942
3381,0.678183607
3382,0.168985061
3383,0.215903631
3384,0.343481680
3385,0.682805638
3386,0.130551910
3387,0.081612280
3388,0.143126575
3389,0.458687614
3390,0.375915629
3391,0.649875877
3392,0.175950428
3393,0.420631964
3394,0.107459237
3395,0.164530916
3396,0.239765777
3397,0.154396088
3398,0.477962476
3399,0.101873201
3400,0.525717815
3401,0.202346633
3402,0.430647907
3403,0.789222902
3404,0.182704658
3405,0.346156777
3406,0.330739235
3407,0.381865571
3408,0.194357384
3409,0.540400653
3410,0.186356256
3411,0.611183073
3412,0.386961539
3413,0.554964589
3414,0.396013402
3415,0.520409770
3416,0.550712538
3417,0.461832921
3418,0.478303648
3419,0.785535803
3420,0.637752401
3421,0.397737759
3422,0.588638796
3423,0.316801800
3424,0.464060334
3425,0.091063939
3426,0.682748236
3427,0.185693876
3428,0.479690416
3429,0.215808535
3430,0.273021848
3431,0.345850124
3432,0.282711062
3433,0.611970962
3434,0.123363041
3435,0.301080277
3436,0.550727755
3437,0.096356576
3438,0.160181784
3439,0.142115498
3440,0.502996645
3441,0.172459267
3442,0.657280506
3443,0.359210331
3444,0.302850090
3445,0.566195440
3446,0.187164276
3447,0.720932616
3448,0.355162426
3449,0.143771776
3450,0.158569476
3451,0.229983404
3452,0.423121699
3453,0.770623116
3454,0.208335459
3455,0.223596875
3456,0.477296557
3457,0.560926683
3458,0.328280034
3459,0.691398389
3460,0.473268045
3461,0.317788748
3462,0.264689313
3463,0.220047277
3464,0.212219425
3465,0.718432705
3466,0.847917960
3467,0.160632959
3468,0.696168646
3469,0.352474910
3470,0.629279270
3471,0.563726598
3472,0.252980995
3473,0.282559470
3474,0.360899994
3475,0.222706571
3476,0.595415526
3477,0.130939031
3478,0.160044271
3479,0.363900714
3480,0.103486743
3481,0.265845495
3482,0.472705771
3483,0.158932094
3484,0.108304617
3485,0.211593630
3486,0.712899206
3487,0.599094439
3488,0.472196868
3489,0.575332030
3490,0.338969739
3491,0.226813825
3492,0.460558817
3493,0.453731871
3494,0.429630963
3495,0.575886640
3496,0.528907371
3497,0.410033138
3498,0.170521307
3499,0.507952794
3500,0.194241289
3501,0.241060935
3502,0.202022507
3503,0.449583893
3504,0.105480829
3505,0.655474112
3506,0.353800842
3507,0.323242966
3508,0.749701024
3509,0.253572236
3510,0.124905758
3511,0.311905932
3512,0.740590593
3513,0.300936973
3514,0.152552554
3515,0.154922292
3516,0.551792188
3517,0.074919295
3518,0.077500333
3519,0.293951828
3520,0.650761929
3521,0.541496155
3522,0.141864438
3523,0.193000467
3524,0.254477648
3525,0.219442613
3526,0.191074143
3527,0.746220701
3528,0.143813384
3529,0.561338306
3530,0.653408488
3531,0.268515583
3532,0.277462595
3533,0.334461134
3534,0.511326896
3535,0.493798170
3536,0.739717673
3537,0.450196916
3538,0.081899321
3539,0.309443312
3540,0.236456527
3541,0.803741235
3542,0.135794903
3543,0.192468798
3544,0.417696698
3545,0.406839628
3546,0.290198922
3547,0.084943685
3548,0.284689822
3549,0.168541787
3550,0.227636297
3551,0.465965316
3552,0.089489332
3553,0.282625628
3554,0.318413967
3555,0.144998741
3556,0.156278959
3557,0.443332703
3558,0.533981185
3559,0.396688228
3560,0.134818515
3561,0.220372846
3562,0.354149835
3563,0.257391471
3564,0.176347145
3565,0.286673720
3566,0.504735543
3567,0.357425003
3568,0.088720163
3569,0.652500214
3570,0.089402173
3571,0.465240919
3572,0.234669551
3573,0.185972847
3574,0.397457605
3575,0.681324696
3576,0.639816798
3577,0.228059726
3578,0.708133088
3579,0.184680401
3580,0.609338070
3581,0.422037249
3582,0.303271961
3583,0.216187265
3584,0.231649802
3585,0.335475094
3586,0.511529103
3587,0.509934248
3588,0.179569315
3589,0.161281140
3590,0.437158918
3591,0.276268981
3592,0.639655640
3593,0.591467871
3594,0.126551056
3595,0.591310459
3596,0.408206332
3597,0.581654009
3598,0.103611620
3599,0.485340879
3600,0.600824532
3601,0.685743097
3602,0.180279997
3603,0.231030738
3604,0.098186413
3605,0.050181486
3606,0.282330252
3607,0.799220594
3608,0.431959596
3609,0.308315263
3610,0.436791373
3611,0.404088575
3612,0.188805836
3613,0.257139593
3614,0.089368003
3615,0.549804707
3616,0.658486733
3617,0.635004840
3618,0.145914874
3619,0.502970099
3620,0.171775461
3621,0.599881643
3622,0.526938711
3623,0.614593158
3624,0.251877935
3625,0.259969217
3626,0.339063951
3627,0.299730161
3628,0.543280556
3629,0.452359361
3630,0.680720512
3631,0.124163994
3632,0.149226682
3633,0.265358705
3634,0.464346112
3635,0.553499415
3636,0.166676882
3637,0.214131726
3638,0.323866709
3639,0.404772673
3640,0.349408054
3641,0.601755178
3642,0.418057757
3643,0.672072475
3644,0.312748164
3645,0.212467184
3646,0.462000949
3647,0.149540710
3648,0.339086267
3649,0.146349311
3650,0.152865739
3651,0.402554358
3652,0.336909595
3653,0.227635786
3654,0.427650462
3655,0.451964713
3656,0.182584765
3657,0.654569677
3658,0.315655975
3659,0.289346870
3660,0.569766260
3661,0.222896613
3662,0.434924327
3663,0.554964244
3664,0.382261510
3665,0.357120383
3666,0.257356041
3667,0.555718916
3668,0.675821259
3669,0.274920571
3670,0.590881814
3671,0.415227467
3672,0.057841474
3673,0.146404921
3674,0.307936298
3675,0.496580956
3676,0.117560355
3677,0.129030363
3678,0.301232073
3679,0.391610205
3680,0.113495985
3681,0.334502530
3682,0.150415276
3683,0.482100639
3684,0.231427475
3685,0.170271443
3686,0.303513769
3687,0.635810354
3688,0.101970407
3689,0.378721781
3690,0.536415222
3691,0.120388943
3692,0.742121839
3693,0.127373223
3694,0.104404657
3695,0.757077445
3696,0.369376066
3697,0.672745242
3698,0.598364746
3699,0.336371287
3700,0.104419818
3701,0.231360604
3702,0.220570108
3703,0.101436977
3704,0.121614413
3705,0.090972551
3706,0.501590678
3707,0.295756220
3708,0.093321299
3709,0.369248963
3710,0.313965199
3711,0.129606209
3712,0.228180344
3713,0.455009304
3714,0.263979131
3715,0.177537036
3716,0.254089446
3717,0.301682010
3718,0.612836165
3719,0.162654733
3720,0.057612585
3721,0.316074741
3722,0.635532410
3723,0.281510355
3724,0.449147988
3725,0.482568332
3726,0.264085949
3727,0.278501367
3728,0.500608949
3729,0.422878350
3730,0.311034598
3731,0.601595094
3732,0.225136088
3733,0.128914215
3734,0.316512150
3735,0.282231283
3736,0.147815095
3737,0.709121052
3738,0.114532665
3739,0.454610281
3740,0.519891973
3741,0.352562191
3742,0.280027589
3743,0.649389376
3744,0.268920587
3745,0.752128820
3746,0.291142791
3747,0.186790225
3748,0.790180394
3749,0.466033384
3750,0.155850494
3751,0.182185348
3752,0.408474293
3753,0.701478400
3754,0.398027803
3755,0.093029328
3756,0.496017413
3757,0.510598140
3758,0.308898207
3759,0.571605830
3760,0.358321309
3761,0.577199046
3762,0.323258202
3763,0.186781434
3764,0.753027860
3765,0.558442433
3766,0.089146550
3767,0.731182674
3768,0.210968247
3769,0.462786870
3770,0.134486491
3771,0.201045313
3772,0.608483403
3773,0.196351253
3774,0.681657486
3775,0.372491818
3776,0.395168241
3777,0.131526812
3778,0.220942715
3779,0.352019848
3780,0.358705749
3781,0.420262603
3782,0.221639719
3783,0.248194624
3784,0.143833453
3785,0.102996929
3786,0.157479515
3787,0.279274541
3788,0.159891823
3789,0.678674931
3790,0.242665526
3791,0.322076208
3792,0.303267212
3793,0.318983925
3794,0.194641560
3795,0.132280587
3796,0.663811537
3797,0.105600531
3798,0.141440050
3799,0.616651244
3800,0.494635729
3801,0.132435385
3802,0.166079133
3803,0.726162652
3804,0.075818576
3805,0.200667299
3806,0.534931484
3807,0.588967841
3808,0.271852622
3809,0.086455264
3810,0.374937571
3811,0.387237731
3812,0.491008428
3813,0.338414698
3814,0.074610235
3815,0.403472155
3816,0.530933288
3817,0.725932827
3818,0.261306152
3819,0.563805785
3820,0.105707350
3821,0.727605965
3822,0.199823917
3823,0.226539342
3824,0.319676703
3825,0.651955967
3826,0.509182489
3827,0.116805087
3828,0.463319507
3829,0.492748381
3830,0.159409941
3831,0.540756794
3832,0.508000770
3833,0.093799589
3834,0.257571417
3835,0.688270029
3836,0.152250720
3837,0.068166415
3838,0.176345614
3839,0.379938206
3840,0.273996027
3841,0.214728422
3842,0.200444182
3843,0.404148734
3844,0.213128258
3845,0.093977562
3846,0.239508210
3847,0.737438809
3848,0.239664545
3849,0.444071965
3850,0.200627976
3851,0.405976496
3852,0.478014402
3853,0.390943952
3854,0.557889228
3855,0.163333418
3856,0.166776670
3857,0.675329533
3858,0.287788551
3859,0.268541822
3860,0.536464478
3861,0.387555002
3862,0.168351834
3863,0.386860192
3864,0.213756812
3865,0.386005884
3866,0.202889179
3867,0.231364319
3868,0.133362664
3869,0.631915261
3870,0.602652771
3871,0.225155124
3872,0.132276853
3873,0.549317084
3874,0.133630749
3875,0.229740939
3876,0.128108446
3877,0.192078907
3878,0.112218208
3879,0.317655455
3880,0.408051037
3881,0.114197914
3882,0.279659136
3883,0.211796029
3884,0.141100959
3885,0.729590640
3886,0.288226612
3887,0.085307549
3888,0.079620207
3889,0.263456210
3890,0.236783143
3891,0.632142668
3892,0.256596324
3893,0.276237467
3894,0.087972576
3895,0.193432691
3896,0.194256494
3897,0.520015878
3898,0.306863019
3899,0.279401770
3900,0.203266773
3901,0.105180462
3902,0.641145830
3903,0.425477639
3904,0.350608643
3905,0.392705179
3906,0.404210797
3907,0.368160207
3908,0.326600572
3909,0.605755262
3910,0.206191898
3911,0.205116487
3912,0.136508194
3913,0.395251708
3914,0.099265359
3915,0.490643153
3916,0.434310229
3917,0.215837567
3918,0.121614019
3919,0.086131282
3920,0.486719869
3921,0.577743735
3922,0.722303368
3923,0.456844451
3924,0.226029166
3925,0.332534697
3926,0.623718297
3927,0.415262534
3928,0.435740639
3929,0.611511958
3930,0.109075424
3931,0.315583203
3932,0.452799292
3933,0.068809751
3934,0.272111912
3935,0.445183748
3936,0.042931536
3937,0.276128079
3938,0.186861033
3939,0.284442523
3940,0.126312773
3941,0.271329144
3942,0.264360952
3943,0.145861322
3944,0.737972671
3945,0.320741493
3946,0.588726504
3947,0.368738152
3948,0.702276452
3949,0.454984060
3950,0.321725748
3951,0.128911342
3952,0.382559961
3953,0.496028971
3954,0.113123009
3955,0.626066113
3956,0.118876281
3957,0.244855111
3958,0.689404538
3959,0.330916204
3960,0.438535444
3961,0.724792807
3962,0.159848936
3963,0.172227190
3964,0.564974162
3965,0.348329537
3966,0.186251846
3967,0.490500904
3968,0.564696432
3969,0.310180139
3970,0.480197135
3971,0.379386517
3972,0.231408603
3973,0.311253612
3974,0.771217144
3975,0.162039517
3976,0.774343585
3977,0.312062612
3978,0.566756102
3979,0.290394152
3980,0.450375528
3981,0.266788027
3982,0.521301355
3983,0.449544569
3984,0.206673917
3985,0.104541410
3986,0.206274120
3987,0.297698511
3988,0.551198749
3989,0.412097022
3990,0.162979753
3991,0.593586186
3992,0.324207398
3993,0.110132364
3994,0.220605315
3995,0.342659859
3996,0.729206040
3997,0.302245272
3998,0.114467116
3999,0.451820808
4000,0.073732591
4001,0.218762214
4002,0.270450013
4003,0.054781379
4004,0.541759067
4005,0.688466099
4006,0.412550849
4007,0.181134552
4008,0.132098363
4009,0.444381404
4010,0.275360150
4011,0.561344074
4012,0.692234647
4013,0.065930945
4014,0.188881738
4015,0.251000248
4016,0.612904591
4017,0.114760311
4018,0.683048721
4019,0.111608984
4020,0.476035123
4021,0.248997323
4022,0.147528310
4023,0.541051581
4024,0.251538604
4025,0.136552651
4026,0.638632387
4027,0.089641515
4028,0.269784750
4029,0.538013099
4030,0.592521813
4031,0.175808590
4032,0.545699618
4033,0.423498588
4034,0.100604470
4035,0.056855990
4036,0.470038729
4037,0.257498869
4038,0.279977436
4039,0.225638890
4040,0.607078377
4041,0.179361774
4042,0.685129970
4043,0.479063689
4044,0.154325685
4045,0.472514080
4046,0.186117768
4047,0.108569877
4048,0.284639784
4049,0.161120462
4050,0.409769907
4051,0.167237887
4052,0.421751019
4053,0.751909226
4054,0.220178417
4055,0.128557740
4056,0.177471422
4057,0.199766831
4058,0.593468586
4059,0.330426386
4060,0.690182614
4061,0.868135791
4062,0.268615038
4063,0.698025455
4064,0.222816211
4065,0.120179431
4066,0.269691881
4067,0.261057780
4068,0.226963404
4069,0.204952677
4070,0.490912357
4071,0.595492698
4072,0.288354131
4073,0.765553788
4074,0.519861989
4075,0.552284651
4076,0.165278050
4077,0.113720604
4078,0.348688137
4079,0.364504269
4080,0.190829060
4081,0.652780859
4082,0.204161158
4083,0.625422048
4084,0.605673740
4085,0.529763967
4086,0.244725515
4087,0.624533000
4088,0.132238738
4089,0.209919166
4090,0.501407371
4091,0.207147082
4092,0.107232359
4093,0.760129153
4094,0.203572494
4095,0.721384816
4096,0.579205486
4097,0.454464869
4098,0.263714057
4099,0.558859212
4100,0.329749800
4101,0.550849951
4102,0.337759137
4103,0.315028268
4104,0.223006844
4105,0.156947850
4106,0.499392086
4107,0.205953734
4108,0.160926608
4109,0.108174260
4110,0.609541258
4111,0.819410215
4112,0.234153814
4113,0.546825205
4114,0.094021005
4115,0.653106176
4116,0.539426935
4117,0.091304420
4118,0.753672793
4119,0.567777679
4120,0.380667690
4121,0.178364165
4122,0.661452965
4123,0.633846985
4124,0.484387079
4125,0.421281840
4126,0.518589662
4127,0.251670822
4128,0.130127005
4129,0.355722172
4130,0.306512044
4131,0.205988857
4132,0.232461011
4133,0.201675173
4134,0.252105403
4135,0.463730093
4136,0.210544205
4137,0.145547966
4138,0.216574897
4139,0.069220211
4140,0.303220314
4141,0.539324689
4142,0.268032311
4143,0.391921042
4144,0.261938810
4145,0.478614339
4146,0.675900584
4147,0.433559248
4148,0.393291291
4149,0.171541582
4150,0.137387896
4151,0.355348155
4152,0.715199742
4153,0.383803271
4154,0.078826738
4155,0.505915982
4156,0.123425209
4157,0.546703363
4158,0.291319228
4159,0.171763340
4160,0.634632553
4161,0.315732055
4162,0.263890217
4163,0.077192473
4164,0.246849947
4165,0.172383323
4166,0.584214689
4167,0.291388836
4168,0.271591840
4169,0.237036545
4170,0.657358172
4171,0.453855632
4172,0.630405124
4173,0.504938437
4174,0.223100763
4175,0.233672802
4176,0.460840281
4177,0.105660559
4178,0.534440573
4179,0.402407180
4180,0.265605219
4181,0.250784918
4182,0.554787810
4183,0.184496555
4184,0.478148987
4185,0.526076061
4186,0.626333604
4187,0.054565088
4188,0.465892352
4189,0.218267722
4190,0.071581864
4191,0.111767789
4192,0.404044154
4193,0.465201677
4194,0.580529028
4195,0.295331305
4196,0.223939805
4197,0.051049029
4198,0.465182081
4199,0.257620802
4200,0.442864408
4201,0.264070477
4202,0.372755910
4203,0.190296124
4204,0.158264857
4205,0.194611987
4206,0.664025448
4207,0.318289075
4208,0.459703943
4209,0.550412168
4210,0.538611615
4211,0.555305006
4212,0.171849739
4213,0.239401740
4214,0.578323549
4215,0.672463363
4216,0.157041745
4217,0.213987992
4218,0.120696937
4219,0.216274214
4220,0.261839079
4221,0.366764558
4222,0.703422139
4223,0.119568514
4224,0.270902398
4225,0.391880122
4226,0.276851014
4227,0.227632644
4228,0.113917030
4229,0.657713511
4230,0.194093351
4231,0.273818919
4232,0.643846401
4233,0.203562842
4234,0.140023286
4235,0.224290636
4236,0.579003177
4237,0.308673591
4238,0.183359357
4239,0.239678046
4240,0.340080556
4241,0.779305582
4242,0.134570300
4243,0.705775390
4244,0.245947257
4245,0.744118326
4246,0.589275053
4247,0.398034171
4248,0.276090225
4249,0.583193244
4250,0.333364127
4251,0.176482423
4252,0.683420862
4253,0.499909883
4254,0.225505317
4255,0.219683855
4256,0.347810783
4257,0.274930977
4258,0.218001008
4259,0.531354145
4260,0.323076065
4261,0.419707521
4262,0.177542585
4263,0.224384861
4264,0.213829341
4265,0.138192898
4266,0.123396666
4267,0.242393818
4268,0.161443228
4269,0.124621144
4270,0.224033653
4271,0.410859165
4272,0.518321403
4273,0.462655284
4274,0.444903830
4275,0.174297667
4276,0.175555149
4277,0.189340889
4278,0.333122109
4279,0.493430979
4280,0.366986152
4281,0.657205354
4282,0.341363336
4283,0.152085989
4284,0.142474455
4285,0.203262079
4286,0.203076388
4287,0.190507612
4288,0.332674548
4289,0.672183921
4290,0.189202486
4291,0.226487234
4292,0.148147482
4293,0.071080034
4294,0.315541139
4295,0.317040428
4296,0.122272233
4297,0.339753729
4298,0.652349353
4299,0.456022560
4300,0.784059017
4301,0.554706825
4302,0.098814296
4303,0.114674507
4304,0.138501504
4305,0.307862900
4306,0.184241871
4307,0.661404888
4308,0.448328947
4309,0.164488144
4310,0.580650411
4311,0.406865114
4312,0.529843697
4313,0.189031335
4314,0.601703541
4315,0.723112037
4316,0.086633842
4317,0.192966350
4318,0.075483308
4319,0.187780471
4320,0.210536204
4321,0.328322330
4322,0.165699070
4323,0.303345594
4324,0.559519686
4325,0.436290064
4326,0.473286286
4327,0.619171432
4328,0.539889466
4329,0.774273960
4330,0.786284087
4331,0.187620286
4332,0.235843340
4333,0.575918864
4334,0.324022969
4335,0.210243105
4336,0.161422089
4337,0.589004136
4338,0.168845527
4339,0.169019391
4340,0.366011836
4341,0.312489675
4342,0.272198943
4343,0.216686046
4344,0.165994692
4345,0.497894137
4346,0.168511237
4347,0.340232509
4348,0.055208412
4349,0.249366735
4350,0.394038754
4351,0.521781505
4352,0.131875720
4353,0.829082820
4354,0.281160234
4355,0.388181258
4356,0.349060165
4357,0.247800506
4358,0.584278470
4359,0.086209171
4360,0.235815925
4361,0.265754918
4362,0.371808125
4363,0.256115232
4364,0.542097792
4365,0.056244225
4366,0.656600230
4367,0.442060985
4368,0.367429567
4369,0.201356664
4370,0.154284526
4371,0.313083383
4372,0.254949340
4373,0.142526219
4374,0.200017744
4375,0.084881076
4376,0.086881800
4377,0.099232655
4378,0.297188317
4379,0.141091186
4380,0.148306673
4381,0.654820812
4382,0.711327012
4383,0.316339685
4384,0.693480247
4385,0.697866954
4386,0.614779070
4387,0.326253214
4388,0.594469842
4389,0.577883700
4390,0.262208474
4391,0.731230377
4392,0.410358777
4393,0.524011759
4394,0.185300088
4395,0.145772243
4396,0.345977161
4397,0.645090556
4398,0.736834909
4399,0.206957841
4400,0.342784591
4401,0.227026401
4402,0.680450363
4403,0.255446071
4404,0.217680673
4405,0.270735846
4406,0.088045804
4407,0.357969370
4408,0.301912993
4409,0.098128822
4410,0.166219637
4411,0.197842378
4412,0.143029310
4413,0.260722722
4414,0.282061135
4415,0.077509012
4416,0.363023845
4417,0.180803477
4418,0.387703786
4419,0.379919085
4420,0.138560329
4421,0.353366919
4422,0.460510597
4423,0.785509477
4424,0.136491264
4425,0.621671622
4426,0.174627903
4427,0.404696934
4428,0.376841451
4429,0.131524260
4430,0.216995870
4431,0.094416470
4432,0.524510263
4433,0.062736648
4434,0.212762306
4435,0.307994695
4436,0.394834862
4437,0.138795055
4438,0.666497829
4439,0.140171505
4440,0.595140621
4441,0.750861491
4442,0.752779938
4443,0.651122083
4444,0.616264661
4445,0.135870182
4446,0.134555999
4447,0.683237780
4448,0.674475278
4449,0.244174398
4450,0.220821434
4451,0.492100653
4452,0.619254061
4453,0.584696392
4454,0.421369290
4455,0.605732735
4456,0.625607802
4457,0.488562045
4458,0.082788885
4459,0.148514307
4460,0.156048442
4461,0.611445506
4462,0.214523024
4463,0.428972806
4464,0.202015988
4465,0.404345341
4466,0.448719398
4467,0.307528703
4468,0.548484407
4469,0.405731660
4470,0.311280483
4471,0.584787808
4472,0.221866338
4473,0.421624452
4474,0.189767264
4475,0.413914560
4476,0.266808884
4477,0.561938014
4478,0.167006919
4479,0.150742528
4480,0.150330542
4481,0.504721796
4482,0.538668061
4483,0.348697526
4484,0.217688897
4485,0.684529415
4486,0.320147204
4487,0.140772047
4488,0.376179153
4489,0.672560004
4490,0.315490068
4491,0.087172738
4492,0.087182974
4493,0.112511308
4494,0.464947690
4495,0.144855702
4496,0.416025488
4497,0.637260723
4498,0.198988766
4499,0.286203274
4500,0.107245620
4501,0.137122238
4502,0.156538271
4503,0.427699940
4504,0.402707292
4505,0.347260955
4506,0.267387517
4507,0.495051686
4508,0.558226313
4509,0.267112480
4510,0.286104019
4511,0.300860682
4512,0.221023714
4513,0.504123381
4514,0.336006041
4515,0.331922687
4516,0.791058699
4517,0.430348145
4518,0.740613884
4519,0.677598790
4520,0.298565895
4521,0.460653500
4522,0.140174047
4523,0.076202946
4524,0.605557972
4525,0.152017569
4526,0.578549348
4527,0.427730024
4528,0.611984419
4529,0.132230219
4530,0.109486029
4531,0.404216515
4532,0.234934315
4533,0.357542619
4534,0.610469955
4535,0.355735202
4536,0.303210880
4537,0.797713430
4538,0.624207000
4539,0.173305925
4540,0.570333735
4541,0.728988560
4542,0.228223773
4543,0.466225645
4544,0.233492856
4545,0.305052699
4546,0.235004782
4547,0.185215810
4548,0.848180790
4549,0.223036535
4550,0.466548606
4551,0.059041565
4552,0.242426103
4553,0.550515682
4554,0.601677918
4555,0.309894320
4556,0.127117383
4557,0.246734694
4558,0.294898660
4559,0.178704695
4560,0.314570951
4561,0.577983894
4562,0.171425266
4563,0.384432357
4564,0.597052354
4565,0.669833105
4566,0.547255370
4567,0.231916708
4568,0.371937074
4569,0.108273244
4570,0.087714112
4571,0.382471096
4572,0.187101915
4573,0.446169122
4574,0.167008561
4575,0.445331048
4576,0.256025795
4577,0.446764498
4578,0.488017967
4579,0.698960646
4580,0.451362383
4581,0.237239887
4582,0.514435469
4583,0.118324708
4584,0.275756222
4585,0.260101523
4586,0.254414019
4587,0.163817788
4588,0.234535705
4589,0.479622049
4590,0.432038644
4591,0.675532761
4592,0.794109652
4593,0.105272587
4594,0.331675716
4595,0.428789197
4596,0.631345486
4597,0.234935386
4598,0.409392152
4599,0.334637132
4600,0.327514962
4601,0.303207917
4602,0.372076944
4603,0.603713940
4604,0.445208027
4605,0.272455269
4606,0.252601051
4607,0.564567332
4608,0.202209290
4609,0.090967448
4610,0.650125701
4611,0.229872992
4612,0.658268091
4613,0.361958963
4614,0.128826250
4615,0.169242769
4616,0.152757331
4617,0.369174867
4618,0.080750700
4619,0.333410951
4620,0.552845567
4621,0.214406307
4622,0.399940418
4623,0.442162453
4624,0.497452093
4625,0.167944214
4626,0.256591715
4627,0.233872392
4628,0.326853812
4629,0.473772791
4630,0.602370662
4631,0.129010271
4632,0.219839376
4633,0.681386813
4634,0.618862752
4635,0.235852215
4636,0.164894865
4637,0.393699768
4638,0.512955524
4639,0.202789241
4640,0.468776057
4641,0.445606091
4642,0.500338646
4643,0.106653428
4644,0.602226761
4645,0.627961002
4646,0.185465373
4647,0.070460366
4648,0.304884720
4649,0.467269368
4650,0.085566507
4651,0.266987798
4652,0.155266206
4653,0.594089221
4654,0.432326311
4655,0.092802148
4656,0.348811020
4657,0.379620670
4658,0.142297754
4659,0.765740435
4660,0.290597381
4661,0.461459203
4662,0.597051076
4663,0.332536237
4664,0.089968829
4665,0.337441851
4666,0.191324457
4667,0.180118963
4668,0.453552606
4669,0.245569371
4670,0.400497204
4671,0.835785391
4672,0.259891479
4673,0.061627789
4674,0.154501293
4675,0.337144707
4676,0.142003303
4677,0.620767739
4678,0.627099703
4679,0.133872365
4680,0.506362538
4681,0.152342905
4682,0.073413895
4683,0.659834200
4684,0.312114009
4685,0.598596649
4686,0.704723446
4687,0.125815252
4688,0.163610586
4689,0.510194619
4690,0.325069405
4691,0.178779065
4692,0.336706375
4693,0.304233045
4694,0.100632049
4695,0.214553477
4696,0.745227540
4697,0.568078896
4698,0.382001864
4699,0.302004323
4700,0.058228533
4701,0.271840575
4702,0.493298608
4703,0.445906543
4704,0.132024667
4705,0.547444631
4706,0.355580382
4707,0.464566035
4708,0.115494581
4709,0.252637198
4710,0.388762230
4711,0.422666638
4712,0.155723736
4713,0.121175844
4714,0.646188689
4715,0.136153686
4716,0.560157498
4717,0.115721064
4718,0.520905179
4719,0.385411273
4720,0.331825819
4721,0.214778420
4722,0.111661493
4723,0.094268241
4724,0.406372517
4725,0.749449563
4726,0.157597509
4727,0.705987715
4728,0.316779115
4729,0.401457057
4730,0.462473217
4731,0.491422027
4732,0.458921222
4733,0.499928056
4734,0.351103321
4735,0.266342642
4736,0.368090617
4737,0.213382833
4738,0.612823095
4739,0.391210133
4740,0.224488107
4741,0.527920567
4742,0.800902034
4743,0.655921530
4744,0.179419211
4745,0.567635680
4746,0.340895512
4747,0.526357546
4748,0.352923930
4749,0.606122836
4750,0.264080694
4751,0.549520946
4752,0.353962657
4753,0.390445503
4754,0.243486907
4755,0.329510456
4756,0.156213677
4757,0.472686344
4758,0.362925167
4759,0.398932903
4760,0.164043386
4761,0.732276559
4762,0.272285312
4763,0.479254977
4764,0.261122242
4765,0.081831132
4766,0.561406212
4767,0.199861616
4768,0.263111381
4769,0.472806317
4770,0.304891255
4771,0.764807787
4772,0.242402187
4773,0.208105605
4774,0.093438689
4775,0.597507713
4776,0.154297257
4777,0.366920904
4778,0.298261733
4779,0.233239305
4780,0.416450320
4781,0.498645134
4782,0.075990827
4783,0.359547956
4784,0.245081639
4785,0.201877174
4786,0.074445652
4787,0.265925804
4788,0.465308778
4789,0.314174045
4790,0.454280621
4791,0.198229507
4792,0.415435297
4793,0.174869995
4794,0.339675533
4795,0.228215821
4796,0.092216583
4797,0.108476155
4798,0.195179541
4799,0.797874099
4800,0.433420136
4801,0.484405885
4802,0.218021022
4803,0.439682830
4804,0.182186615
4805,0.616494877
4806,0.115083128
4807,0.520748358
4808,0.567199840
4809,0.255032826
4810,0.520047762
4811,0.479868070
4812,0.073614837
4813,0.619129292
4814,0.348916856
4815,0.474943353
4816,0.166217322
4817,0.348017875
4818,0.498773565
4819,0.562025436
4820,0.587859105
4821,0.616501409
4822,0.541508489
4823,0.205929887
4824,0.392303110
4825,0.553549890
4826,0.167881448
4827,0.160996328
4828,0.088792689
4829,0.208726960
4830,0.224084771
4831,0.098135118
4832,0.765498475
4833,0.107540138
4834,0.596853086
4835,0.830233140
4836,0.665542830
4837,0.228966921
4838,0.443684251
4839,0.217011627
4840,0.597364903
4841,0.339861113
4842,0.735757309
4843,0.314160914
4844,0.367770416
4845,0.156169434
4846,0.118271255
4847,0.114357037
4848,0.855167160
4849,0.645139930
4850,0.233100505
4851,0.596094718
4852,0.717614592
4853,0.063679750
4854,0.190005931
4855,0.326741304
4856,0.234126053
4857,0.203656226
4858,0.098450805
4859,0.099994636
4860,0.260084960
4861,0.489716890
4862,0.284030211
4863,0.366450937
4864,0.648057267
4865,0.121404966
4866,0.073076097
4867,0.795923407
4868,0.352337703
4869,0.146806881
4870,0.576255128
4871,0.202348463
4872,0.455832980
4873,0.141566620
4874,0.055010343
4875,0.351015513
4876,0.348612212
4877,0.238442580
4878,0.343581481
4879,0.187898827
4880,0.134645311
4881,0.553931528
4882,0.201206830
4883,0.167824845
4884,0.160360198
4885,0.113997596
4886,0.695622899
4887,0.625600858
4888,0.258008467
4889,0.156185684
4890,0.563172421
4891,0.449729750
4892,0.305043857
4893,0.453586425
4894,0.421912604
4895,0.227971840
4896,0.652783713
4897,0.348524244
4898,0.166176834
4899,0.323279672
4900,0.256350279
4901,0.161315826
4902,0.301845293
4903,0.290171649
4904,0.073970562
4905,0.184440992
4906,0.181609274
4907,0.085479734
4908,0.145991807
4909,0.232093364
4910,0.590365035
4911,0.474450960
4912,0.716962016
4913,0.349636456
4914,0.378079775
4915,0.288907178
4916,0.445896900
4917,0.167386636
4918,0.100055944
4919,0.152542890
4920,0.568865044
4921,0.166318181
4922,0.257076368
4923,0.549298337
4924,0.310527834
4925,0.135333843
4926,0.426680375
4927,0.113824727
4928,0.652138270
4929,0.768831399
4930,0.555465938
4931,0.640451639
4932,0.565931794
4933,0.378529296
4934,0.362890759
4935,0.290961511
4936,0.105139836
4937,0.662439794
4938,0.161072136
4939,0.152407608
4940,0.356964673
4941,0.362890971
4942,0.534747109
4943,0.296870000
4944,0.225863943
4945,0.116879219
4946,0.142245868
4947,0.428109954
4948,0.118565772
4949,0.103760772
4950,0.225497916
4951,0.430630973
4952,0.134220733
4953,0.268050655
4954,0.506516629
4955,0.646548833
4956,0.450594954
4957,0.268387681
4958,0.295773690
4959,0.436022978
4960,0.545684281
4961,0.803042934
4962,0.131107074
4963,0.332047923
4964,0.535936136
4965,0.134895536
4966,0.155120442
4967,0.297000235
4968,0.455585632
4969,0.745763895
4970,0.213749464
4971,0.094510446
4972,0.153538309
4973,0.570830171
4974,0.305112374
4975,0.686008934
4976,0.465469912
4977,0.066397616
4978,0.670238353
4979,0.198389876
4980,0.604208058
4981,0.119410924
4982,0.263960461
4983,0.463443713
4984,0.086206161
4985,0.301262148
4986,0.060545315
4987,0.319808150
4988,0.189468590
4989,0.668375351
4990,0.165759899
4991,0.279269467
4992,0.151712190
4993,0.215800594
4994,0.374101675
4995,0.106179484
4996,0.729355955
4997,0.185395647
4998,0.208447274
4999,0.384658284
5000,0.747224366
5001,0.148115216
5002,0.286403517
5003,0.284756334
5004,0.103459967
5005,0.075231907
5006,0.251701709
5007,0.072481901
5008,0.284532299
5009,0.625857819
5010,0.844180251
5011,0.240066586
5012,0.284072752
5013,0.659535934
5014,0.594678142
5015,0.345316358
5016,0.654372655
5017,0.370008789
5018,0.252742381
5019,0.572181546
5020,0.314336431
